Eco.Region,Region,Site,Area,Protection,Longitude,Latitude,ALTU,ARCO,ARSP,AZSC,CACY,CODI,CORU,DYCT,ENAS,ENBR,ENCO,ENOC,ENSP,ERAS,EROC,ERRH,EUNI,FLPE,FLRH,FUCA,HATU,HYDR,MYTR,PAAX,PACL,PACR,PEFA,PESP,PEYS,PMSP,PSFU,RABR,REGR,SERP,VALO,ZOSC
Algero-Provencal,Sardegna,Alghero A,Alghero A1,MPA,8.1348,40.6032,0.000,0.000,0.000,0.168,0.000,0.000,0.000,7.437,0.000,0.087,38.242,0.603,3.254,0.063,0.000,2.046,0.029,6.932,0.964,0.000,0.021,0.000,3.424,0.372,0.000,3.861,0.000,0.000,32.119,0.249,0.020,0.036,0.029,0.012,0.026,0.000
Algero-Provencal,Sardegna,Alghero A,Alghero A2,MPA,8.1348,40.6032,0.000,0.000,0.000,0.160,0.000,1.214,0.000,10.651,0.000,0.019,34.518,0.972,3.076,0.104,0.066,1.146,0.178,8.670,0.529,0.000,0.140,0.000,2.029,0.792,0.000,1.000,0.000,0.000,34.542,0.130,0.015,0.028,0.007,0.000,0.018,0.000
Algero-Provencal,Sardegna,Alghero A,Alghero A3,MPA,8.1348,40.6032,2.462,0.009,0.064,0.072,0.000,0.000,0.000,3.031,0.000,0.034,23.186,1.497,2.015,0.113,11.867,0.000,0.284,2.956,3.180,0.000,0.041,0.000,2.831,0.444,0.000,2.317,0.380,0.000,41.239,1.764,0.050,0.059,0.000,0.000,0.106,0.000
Algero-Provencal,Sardegna,Alghero B,Alghero B1,MPA,8.1427,40.5687,2.234,0.122,0.000,0.165,0.000,0.455,0.000,3.037,0.000,0.000,35.517,0.000,5.023,0.181,2.806,0.585,0.032,2.617,0.232,0.000,0.000,0.000,2.990,0.128,0.000,1.906,0.000,0.000,41.705,0.203,0.000,0.052,0.000,0.000,0.011,0.000
Algero-Provencal,Sardegna,Alghero B,Alghero B2,MPA,8.1427,40.5687,1.372,0.128,0.000,0.110,0.000,0.003,0.000,2.272,0.000,0.115,46.642,0.561,2.035,0.042,0.485,3.136,0.000,2.248,0.283,0.000,0.337,0.000,0.505,0.013,0.000,2.236,0.000,0.000,36.938,0.033,0.260,0.126,0.094,0.013,0.008,0.000
Algero-Provencal,Sardegna,Alghero B,Alghero B3,MPA,8.1427,40.5687,2.127,0.232,0.000,0.052,0.000,0.594,0.000,8.353,0.000,0.023,30.659,1.141,0.753,0.000,0.070,4.884,0.000,0.685,0.086,0.000,0.483,0.000,1.193,0.000,0.000,2.311,0.025,0.000,45.226,0.027,0.674,0.041,0.164,0.007,0.186,0.000
Algero-Provencal,Sardegna,Alghero C,Alghero C1,MPA,8.1433,40.5549,3.371,0.056,0.000,0.210,0.000,0.104,0.000,2.685,0.000,0.252,48.590,0.447,7.726,0.155,5.812,1.370,0.000,1.186,0.039,0.384,0.224,0.000,0.944,0.000,0.000,1.864,0.000,0.000,24.232,0.121,0.062,0.087,0.000,0.052,0.024,0.000
Algero-Provencal,Sardegna,Alghero C,Alghero C2,MPA,8.1433,40.5549,1.119,0.000,0.574,0.363,0.000,0.000,0.000,0.465,0.000,0.165,53.401,1.525,10.493,0.032,3.786,0.868,0.000,5.560,1.305,1.316,1.189,0.000,0.273,0.854,0.000,1.286,0.000,0.000,14.155,1.199,0.033,0.016,0.000,0.008,0.005,0.000
Algero-Provencal,Sardegna,Alghero C,Alghero C3,MPA,8.1433,40.5549,0.179,0.028,0.230,0.575,0.000,0.000,0.000,1.378,0.000,0.263,49.417,0.597,9.503,0.006,0.941,3.504,0.000,9.026,0.603,0.254,0.418,0.000,0.191,1.098,0.000,0.201,0.000,0.000,19.943,1.556,0.022,0.011,0.000,0.040,0.014,0.000
Algero-Provencal,Sardegna,Asinara A,Asinara A1,MPA,8.1792,40.9997,18.489,0.192,0.884,0.009,0.000,0.000,0.000,0.628,0.000,3.677,22.722,0.019,6.293,0.000,12.346,5.114,0.000,1.163,0.000,0.000,0.052,0.000,0.155,0.074,0.000,1.488,0.034,0.000,26.164,0.000,0.043,0.190,0.210,0.027,0.035,0.000
Algero-Provencal,Sardegna,Asinara A,Asinara A2,MPA,8.1792,40.9997,17.977,0.587,0.207,0.010,0.000,0.000,0.000,1.428,0.000,2.897,18.848,0.052,13.545,0.075,8.673,1.493,0.019,2.081,0.145,0.305,0.143,0.049,0.132,11.433,0.000,1.553,0.000,0.000,17.630,0.079,0.000,0.442,0.053,0.044,0.104,0.000
Algero-Provencal,Sardegna,Asinara A,Asinara A3,MPA,8.1792,40.9997,19.768,0.184,0.000,0.003,0.000,0.000,0.000,4.285,0.000,0.535,26.766,0.316,0.604,0.000,5.661,3.594,0.000,0.436,1.056,0.000,0.189,0.000,0.137,0.000,0.000,0.573,0.000,0.000,35.672,0.000,0.049,0.058,0.006,0.000,0.113,0.000
Algero-Provencal,Sardegna,Asinara B,Asinara B1,MPA,8.217,41.0481,19.857,0.849,0.684,0.028,0.000,0.000,0.000,2.243,0.000,3.081,17.848,0.275,7.374,0.004,5.655,0.593,0.147,0.751,1.195,0.115,0.102,0.128,0.356,0.249,0.000,1.442,0.000,0.000,35.687,0.000,0.000,0.886,0.280,0.113,0.057,0.000
Algero-Provencal,Sardegna,Asinara B,Asinara B2,MPA,8.217,41.0481,7.260,0.071,0.499,0.249,0.000,0.000,0.000,2.360,0.000,0.364,44.314,0.124,23.250,0.031,10.708,1.097,0.000,0.621,0.755,0.255,0.000,0.000,0.283,0.815,0.000,0.750,0.000,0.000,4.560,1.084,0.000,0.430,0.034,0.004,0.072,0.000
Algero-Provencal,Sardegna,Asinara B,Asinara B3,MPA,8.217,41.0481,2.221,0.465,0.000,0.000,0.000,0.000,0.000,8.847,0.000,0.000,31.037,0.000,8.030,0.063,39.103,0.029,0.000,0.893,0.455,4.502,0.026,0.000,0.149,0.351,0.000,0.395,0.000,0.000,2.895,0.497,0.000,0.000,0.000,0.000,0.044,0.000
Algero-Provencal,Sardegna,Bosa,Bosa1,None,8.4262,40.284,0.376,0.000,0.000,0.436,0.000,0.000,0.514,11.809,0.000,0.286,29.355,0.107,9.815,0.046,0.134,1.614,0.000,3.407,0.761,0.000,0.233,0.000,0.345,1.545,0.000,0.482,0.000,0.000,37.638,0.651,0.259,0.129,0.048,0.007,0.000,0.000
Algero-Provencal,Sardegna,Bosa,Bosa2,None,8.4262,40.284,7.144,0.000,0.000,0.571,0.000,0.000,0.255,5.982,0.000,0.258,16.408,0.281,15.800,0.054,5.529,0.000,0.025,0.370,0.394,0.000,0.000,0.000,0.000,2.010,0.000,0.319,0.000,0.000,43.173,1.140,0.172,0.117,0.000,0.000,0.000,0.000
Algero-Provencal,Sardegna,Bosa,Bosa3,None,8.4262,40.284,0.000,0.005,0.000,0.029,0.000,0.000,0.076,4.508,0.000,0.000,14.131,3.089,10.926,0.012,27.258,0.013,0.010,0.872,0.041,0.000,0.724,0.000,0.132,1.775,0.000,0.722,0.000,0.000,34.548,1.000,0.061,0.034,0.000,0.000,0.032,0.000
Algero-Provencal,Sardegna,Capo Testa A,Capo Testa A1,MPA,9.1347,41.242,0.025,0.157,0.113,0.008,0.000,0.000,0.051,0.000,0.000,0.060,65.544,0.059,6.084,0.182,0.000,0.025,0.937,1.328,0.000,0.000,0.740,0.362,0.250,1.300,0.000,1.683,0.365,0.000,16.348,2.420,0.005,0.876,1.066,0.000,0.014,0.000
Algero-Provencal,Sardegna,Capo Testa A,Capo Testa A2,MPA,9.1347,41.242,0.434,0.260,0.021,0.000,0.218,0.527,0.000,0.000,0.000,0.000,81.230,0.128,0.219,0.053,0.023,0.098,0.132,2.749,0.006,0.000,0.871,0.064,0.224,0.000,0.000,0.043,0.000,0.000,12.119,0.099,0.053,0.340,0.039,0.003,0.048,0.000
Algero-Provencal,Sardegna,Capo Testa A,Capo Testa A3,MPA,9.1347,41.242,2.284,0.000,0.608,0.054,0.000,0.000,0.000,0.000,0.032,1.223,54.167,0.146,7.380,0.108,0.000,0.014,1.080,0.739,0.241,0.000,0.811,0.283,0.472,1.082,0.000,3.829,0.000,0.000,24.059,0.000,0.000,0.643,0.630,0.078,0.035,0.000
Algero-Provencal,Sardegna,Capo Testa B,Capo Testa B1,MPA,9.1689,41.2521,1.887,0.084,0.043,0.005,0.000,0.527,0.904,0.000,0.000,0.631,64.500,0.270,2.375,0.206,0.112,0.013,0.573,1.641,0.001,0.000,1.554,0.343,0.322,0.143,0.000,1.138,0.050,0.000,21.402,0.629,0.000,0.299,0.312,0.009,0.025,0.000
Algero-Provencal,Sardegna,Capo Testa B,Capo Testa B2,MPA,9.1689,41.2521,2.150,0.000,0.751,0.017,0.000,0.000,0.564,0.000,0.000,0.703,65.629,0.357,3.464,0.096,0.000,0.056,0.523,1.254,0.020,0.000,0.928,0.105,0.186,0.000,0.000,1.688,0.000,0.000,20.629,0.027,0.015,0.501,0.255,0.023,0.058,0.000
Algero-Provencal,Sardegna,Capo Testa B,Capo Testa B3,MPA,9.1689,41.2521,0.869,0.172,0.503,0.037,0.000,0.000,0.694,0.000,0.000,0.775,61.264,0.048,5.696,0.056,0.023,0.079,0.763,1.164,0.231,0.000,0.903,0.283,0.466,1.082,0.000,2.754,0.000,0.000,21.082,0.000,0.000,0.503,0.472,0.068,0.014,0.000
Algero-Provencal,Sardegna,Castelsardo,Castelsardo 1,None,8.697,40.9319,0.000,0.000,0.000,0.234,0.000,0.000,0.000,0.141,0.000,0.037,48.030,0.059,1.910,0.095,0.204,7.254,0.081,6.631,0.193,0.000,12.180,0.000,0.131,0.231,0.161,0.238,0.000,0.000,14.629,5.829,0.543,0.095,0.081,0.059,0.004,0.000
Algero-Provencal,Sardegna,Castelsardo,Castelsardo 2,None,8.697,40.9319,2.187,0.000,0.000,0.562,0.000,0.179,0.000,0.154,0.000,0.173,39.707,0.165,8.551,0.045,4.851,5.209,0.000,1.518,0.084,0.000,0.049,0.000,0.318,0.849,5.535,0.609,0.000,0.000,19.191,5.823,3.263,0.128,0.108,0.000,0.045,0.016
Algero-Provencal,Sardegna,Castelsardo,Castelsardo 3,None,8.697,40.9319,0.483,0.000,0.000,0.267,0.000,0.000,0.000,0.339,0.000,0.020,28.540,0.042,3.191,0.050,0.721,4.258,0.018,15.529,0.133,0.000,12.208,0.000,0.104,0.123,0.967,0.448,0.000,0.000,24.521,5.498,1.703,0.032,0.000,0.012,0.012,0.000
Algero-Provencal,Sardegna,Catalano A,Catalano A1,AMP,8.3268,39.8673,13.745,0.000,0.000,0.150,0.000,0.020,0.035,6.242,0.000,0.000,9.610,0.000,13.802,0.000,8.892,5.118,0.000,0.192,1.275,0.055,0.513,0.000,0.065,0.726,0.000,2.310,0.000,0.000,36.171,0.000,0.000,0.100,0.965,0.000,0.015,0.000
Algero-Provencal,Sardegna,Catalano A,Catalano A2,AMP,8.3268,39.8673,23.860,0.000,0.785,0.020,0.000,0.000,0.040,1.885,0.000,0.000,8.330,0.000,7.515,0.000,15.990,12.820,0.000,0.620,1.135,2.095,0.160,0.000,0.000,9.710,0.000,0.365,0.000,0.000,14.505,0.000,0.000,0.070,0.085,0.000,0.010,0.000
Algero-Provencal,Sardegna,Catalano A,Catalano A3,AMP,8.3268,39.8673,38.895,0.000,0.000,0.180,0.000,0.000,0.000,2.560,0.000,0.000,3.855,0.110,9.620,0.045,9.190,19.265,0.000,4.755,2.545,0.000,0.165,0.000,0.320,0.805,0.000,1.155,0.255,0.000,6.130,0.000,0.000,0.055,0.030,0.000,0.065,0.000
Algero-Provencal,Sardegna,Catalano B,Catalano B1,AMP,8.3244,39.83,2.735,0.000,0.000,0.013,0.000,0.075,0.000,0.510,0.000,0.000,15.085,0.430,4.330,0.000,18.480,5.210,0.000,1.030,0.295,0.695,0.345,0.000,0.000,1.020,0.000,0.410,0.000,0.000,49.228,0.000,0.065,0.025,0.000,0.000,0.020,0.000
Algero-Provencal,Sardegna,Catalano B,Catalano B2,AMP,8.3244,39.83,5.730,0.000,0.000,0.013,0.000,0.000,0.000,6.775,0.000,0.000,11.605,0.455,3.430,0.000,25.585,8.950,0.000,0.215,0.655,0.760,1.825,0.000,0.000,0.065,0.000,0.150,0.000,0.000,33.253,0.130,0.000,0.000,0.355,0.005,0.045,0.000
Algero-Provencal,Sardegna,Catalano B,Catalano B3,AMP,8.3244,39.83,2.870,0.000,0.000,0.040,0.000,0.120,0.000,0.840,0.000,0.000,17.845,0.080,20.013,0.040,12.950,3.310,0.000,4.930,3.645,0.220,0.135,0.000,0.210,4.795,0.000,0.593,0.000,0.000,26.930,0.085,0.240,0.010,0.065,0.000,0.035,0.000
Algero-Provencal,Sardegna,Costa Paradiso A,Costa Paradiso A1,None,8.983,41.1291,2.542,0.047,0.000,1.959,0.000,0.000,2.716,0.006,0.000,4.644,24.296,0.014,14.358,0.420,0.000,0.122,0.338,1.843,0.000,0.000,0.543,0.000,0.441,0.692,0.000,1.693,0.029,0.000,40.244,0.027,0.000,1.204,1.601,0.203,0.019,0.000
Algero-Provencal,Sardegna,Costa Paradiso A,Costa Paradiso A2,None,8.983,41.1291,5.316,0.094,0.146,0.000,0.000,0.000,0.942,0.000,0.000,0.588,42.404,0.000,7.983,1.766,0.000,0.006,0.100,1.121,0.502,0.000,0.030,0.103,0.290,0.279,0.000,1.627,0.000,0.000,36.137,0.034,0.023,0.157,0.252,0.108,0.000,0.000
Algero-Provencal,Sardegna,Costa Paradiso A,Costa Paradiso A3,None,8.983,41.1291,3.461,0.000,0.610,0.113,0.000,0.000,0.940,0.000,0.000,0.119,74.920,0.000,4.244,0.057,0.000,0.000,0.262,2.525,0.000,0.000,0.831,0.000,0.302,0.010,0.000,0.577,0.000,0.000,10.702,0.246,0.000,0.054,0.018,0.007,0.000,0.000
Algero-Provencal,Sardegna,Costa Paradiso B,Costa Paradiso B1,None,8.9868,41.1327,3.316,0.000,0.010,0.006,0.000,0.000,4.006,0.000,0.000,0.150,72.568,0.000,4.648,0.229,0.000,0.000,0.331,3.376,0.005,0.000,1.155,0.000,0.193,0.000,0.000,0.406,0.445,0.000,7.932,0.968,0.000,0.124,0.071,0.014,0.045,0.000
Algero-Provencal,Sardegna,Costa Paradiso B,Costa Paradiso B2,None,8.9868,41.1327,2.599,0.000,0.000,0.000,0.000,0.000,3.327,0.000,0.000,0.495,79.352,0.000,4.728,0.067,0.000,0.000,0.030,1.784,0.014,0.000,1.247,0.000,0.134,0.000,0.000,0.233,0.000,0.000,5.162,0.587,0.000,0.038,0.121,0.001,0.081,0.000
Algero-Provencal,Sardegna,Costa Paradiso B,Costa Paradiso B3,None,8.9868,41.1327,11.147,0.000,1.017,1.895,0.000,0.000,6.956,0.364,0.000,1.908,35.408,0.000,14.381,0.072,0.000,0.000,0.025,0.581,0.012,0.000,0.039,0.037,0.883,3.526,0.000,0.764,0.000,0.000,19.333,0.517,0.000,0.259,0.670,0.203,0.000,0.000
Algero-Provencal,Sardegna,Stintino,Stintino1,None,8.1731,40.965,0.000,0.000,0.000,0.071,0.000,0.000,0.000,1.780,0.000,0.135,23.917,0.000,20.620,0.006,41.707,0.453,0.000,0.877,0.244,0.000,0.046,0.000,0.405,0.211,0.000,0.769,0.000,0.000,7.536,1.137,0.013,0.024,0.000,0.023,0.023,0.000
Algero-Provencal,Sardegna,Stintino,Stintino2,None,8.1731,40.965,0.024,0.035,0.791,0.006,0.000,0.000,0.034,0.776,0.000,0.000,7.013,0.104,21.646,0.199,59.970,0.000,0.000,0.738,0.605,0.000,0.000,0.000,0.063,0.115,0.000,0.655,0.000,0.000,4.659,2.401,0.109,0.059,0.000,0.000,0.002,0.000
Algero-Provencal,Sardegna,Stintino,Stintino3,None,8.1731,40.965,1.895,0.016,0.514,0.000,0.000,0.000,0.000,3.732,0.000,0.000,2.464,0.000,26.102,0.050,59.420,0.000,0.000,0.828,0.127,0.000,0.009,0.000,0.007,0.000,0.000,0.290,0.000,0.000,2.801,1.733,0.000,0.012,0.000,0.000,0.000,0.000
Ionian,Puglia,Ciolo,Ciolo1,None,18.4112,39.8408,0.428,2.166,0.000,0.000,5.378,4.081,0.000,0.690,0.057,0.053,14.127,0.000,0.316,0.217,0.673,8.138,0.000,0.000,0.458,0.000,0.444,0.000,0.000,0.000,0.000,0.000,0.000,0.685,59.312,0.343,0.000,0.167,0.000,0.000,0.162,2.105
Ionian,Puglia,Ciolo,Ciolo2,None,18.4112,39.8408,2.101,1.564,0.000,0.057,8.619,0.000,0.000,0.213,0.000,0.167,1.757,0.000,0.057,0.000,0.216,2.884,0.000,1.648,0.221,0.000,0.387,0.000,0.554,0.000,0.000,0.383,0.053,0.335,77.970,0.376,0.000,0.218,0.000,0.163,0.055,0.000
Ionian,Puglia,Ciolo,Ciolo3,None,18.4112,39.8408,2.906,1.741,0.000,0.000,3.566,4.292,0.000,0.389,0.000,0.061,15.807,0.000,0.000,0.000,0.496,11.022,0.000,0.000,0.863,0.000,0.745,0.053,0.000,0.000,0.000,0.658,0.000,0.769,54.137,0.173,0.112,0.224,0.000,0.112,0.063,1.811
Ionian,Puglia,Otranto,Otranto1,None,18.5266,40.1489,0.000,0.000,5.500,2.000,0.150,0.000,0.000,0.050,0.000,1.000,6.820,0.000,9.020,0.000,0.000,1.500,0.000,4.500,0.000,0.000,0.000,2.000,3.500,0.000,0.000,1.500,5.500,0.300,39.710,15.450,0.000,1.500,0.000,0.000,0.000,0.000
Ionian,Puglia,Otranto,Otranto2,None,18.5266,40.1489,0.000,0.000,0.000,0.000,0.000,2.000,0.000,0.000,0.000,0.000,7.250,0.000,4.750,2.000,0.000,0.000,0.000,0.000,0.000,0.000,0.000,2.000,1.000,3.500,0.000,8.000,14.000,0.000,37.550,16.450,0.000,1.500,0.000,0.000,0.000,0.000
Ionian,Puglia,Otranto,Otranto3,None,18.5266,40.1489,0.000,0.000,0.000,0.000,0.000,0.150,0.000,0.000,0.000,0.000,20.750,0.000,3.750,0.000,0.000,0.000,0.000,0.000,0.000,0.000,0.000,3.500,0.000,2.000,0.000,2.500,9.500,0.000,37.850,16.000,0.000,4.000,0.000,0.000,0.000,0.000
Ionian,Puglia,Torre Minervino,Torre Minervino1,None,18.4968,40.0456,3.233,2.640,0.000,0.000,3.612,1.458,0.000,10.134,0.054,0.054,6.134,0.000,0.000,0.000,1.429,8.618,0.000,2.043,0.104,0.000,0.054,0.000,0.000,0.000,0.000,0.000,0.208,0.000,58.611,1.567,0.000,0.000,0.000,0.053,0.000,0.000
Ionian,Puglia,Torre Minervino,Torre Minervino2,None,18.4968,40.0456,2.512,1.313,0.211,0.000,2.101,3.906,0.000,14.381,0.000,0.052,0.211,0.000,0.000,0.000,0.681,8.052,0.000,2.396,0.317,0.000,0.000,0.158,0.313,0.000,0.000,0.000,0.104,0.053,60.465,2.722,0.052,0.000,0.000,0.000,0.000,0.000
Ionian,Puglia,Torre Minervino,Torre Minervino3,None,18.4968,40.0456,2.783,1.414,0.679,0.000,0.000,1.354,0.000,6.956,0.000,0.052,0.938,0.000,0.371,0.000,0.052,16.570,0.000,1.568,0.000,0.000,1.473,0.106,0.053,0.000,0.000,0.000,0.000,0.000,61.741,3.270,0.000,0.000,0.000,0.000,0.000,0.625
Ionian,Puglia,Torre del Serpe,Torre del Serpe1,None,18.5333,40.1272,4.669,2.433,0.222,0.000,0.000,0.000,0.000,5.321,0.053,0.393,5.227,0.000,0.000,0.000,0.115,5.854,0.000,3.244,0.000,0.000,0.487,0.057,0.000,0.000,0.000,0.000,3.863,0.335,66.087,1.144,0.105,0.278,0.000,0.113,0.000,0.000
Ionian,Puglia,Torre del Serpe,Torre del Serpe2,None,18.5333,40.1272,5.702,3.144,0.978,0.000,0.054,2.270,0.000,5.881,0.217,0.394,11.437,0.000,0.327,0.000,1.630,5.428,0.000,4.924,0.000,0.000,0.164,0.054,0.111,0.000,0.000,0.000,0.167,0.224,55.912,0.649,0.000,0.223,0.000,0.109,0.000,0.000
Ionian,Puglia,Torre del Serpe,Torre del Serpe3,None,18.5333,40.1272,3.871,2.866,0.769,0.057,0.000,0.000,0.000,2.693,0.062,0.056,8.805,0.000,1.103,0.000,0.000,4.389,0.000,3.333,0.000,0.000,0.062,0.056,0.867,0.056,0.000,0.000,3.623,0.108,64.997,1.826,0.000,0.119,0.000,0.278,0.000,0.000
Ionian,Puglia,Tricase,Tricase1,None,18.4171,39.8928,0.548,1.656,0.331,0.000,7.289,0.000,0.000,1.479,0.000,0.277,1.236,0.000,0.056,0.000,0.063,1.318,0.000,0.220,1.883,0.000,0.172,0.000,0.225,0.000,0.000,0.939,0.162,0.056,81.305,0.000,0.000,0.561,0.110,0.056,0.056,0.000
Ionian,Puglia,Tricase,Tricase2,None,18.4171,39.8928,1.678,0.765,0.537,0.000,0.000,0.122,0.000,2.515,0.000,0.173,2.212,0.000,0.282,0.000,0.000,2.469,0.000,1.293,0.426,0.000,0.000,0.000,0.111,0.000,0.000,0.274,0.058,4.739,77.989,3.635,0.056,0.337,0.000,0.052,0.274,0.000
Ionian,Puglia,Tricase,Tricase3,None,18.4171,39.8928,1.406,2.656,0.260,0.000,13.647,2.813,0.000,6.979,0.000,0.000,0.000,0.000,0.000,0.000,0.000,3.176,0.000,0.833,1.666,0.000,0.000,0.000,0.104,0.000,0.000,0.000,0.052,0.000,64.687,1.301,0.000,0.052,0.000,0.260,0.104,0.000
Ionian,Puglia,Zinzulusa,Zinzulusa1,None,18.4253,39.9319,3.776,3.238,0.532,0.000,0.000,1.275,0.000,11.720,0.000,0.000,5.274,0.000,0.000,0.000,3.288,9.373,0.000,1.168,2.694,0.000,0.376,0.055,0.000,0.108,0.000,0.000,0.000,0.435,55.642,0.670,0.271,0.000,0.000,0.106,0.000,0.000
Ionian,Puglia,Zinzulusa,Zinzulusa2,None,18.4253,39.9319,4.622,2.969,0.483,0.056,0.104,2.013,0.000,4.029,0.052,0.052,2.718,0.000,0.000,0.000,4.216,10.257,0.000,0.321,0.000,0.000,0.277,0.319,0.000,0.053,0.000,0.000,0.055,0.000,66.278,0.752,0.105,0.000,0.000,0.211,0.053,0.000
Ionian,Puglia,Zinzulusa,Zinzulusa3,None,18.4253,39.9319,6.826,0.581,0.630,0.000,0.000,0.000,0.000,4.523,0.000,0.106,1.913,0.000,0.000,0.000,0.786,10.516,0.000,4.666,0.000,0.000,0.583,0.265,0.000,0.157,0.000,0.000,0.106,0.000,67.132,1.108,0.000,0.000,0.000,0.104,0.000,0.000
Tyrrhenian,Campania,Catena,Catena1,MPA,13.9709,40.7027,3.346,0.000,0.000,4.455,0.000,0.000,0.000,0.000,2.514,2.385,11.055,0.000,11.065,0.000,0.000,0.000,0.000,0.000,0.000,0.000,1.396,0.284,3.535,0.710,10.375,0.835,0.000,0.710,14.054,25.504,0.000,0.110,4.123,1.921,0.143,1.473
Tyrrhenian,Campania,Catena,Catena2,MPA,13.9709,40.7027,5.475,0.000,0.000,2.614,0.000,0.000,0.000,0.000,8.526,7.538,15.324,0.000,13.476,0.000,0.000,0.000,0.000,0.000,0.000,0.000,0.000,0.000,2.666,0.000,11.283,0.140,0.000,3.796,12.408,9.301,0.000,0.438,2.101,2.530,0.000,2.389
Tyrrhenian,Campania,Catena,Catena3,MPA,13.9709,40.7027,2.919,0.000,0.000,1.570,0.000,0.000,0.000,0.000,4.524,4.239,6.279,0.000,15.200,0.425,0.000,0.000,0.000,0.000,0.595,0.000,0.000,0.000,1.479,1.038,10.906,0.085,0.000,3.953,6.973,27.623,0.085,0.245,8.495,3.366,0.000,0.000
Tyrrhenian,Campania,Pertuso,Pertuso1,MPA,14.0064,40.7113,2.310,0.000,0.000,1.980,0.000,0.000,0.000,0.305,9.198,4.860,9.251,0.000,17.993,0.149,0.000,0.000,0.819,0.000,0.000,0.000,0.000,0.000,3.043,0.000,10.674,0.508,0.000,2.189,10.035,16.341,0.610,0.000,7.456,1.605,0.000,0.671
Tyrrhenian,Campania,Pertuso,Pertuso2,MPA,14.0064,40.7113,4.206,0.000,0.000,1.919,0.000,0.000,0.000,0.000,7.918,3.713,9.464,0.000,25.925,0.156,0.000,0.000,3.738,0.000,0.000,0.000,0.000,0.106,3.435,0.000,10.846,0.635,0.000,0.000,9.090,11.693,1.866,0.000,2.089,2.635,0.000,0.561
Tyrrhenian,Campania,Pertuso,Pertuso3,MPA,14.0064,40.7113,4.391,0.000,0.000,0.529,0.000,0.000,0.000,0.000,6.841,2.921,15.049,0.000,15.943,0.000,0.549,0.000,1.159,0.000,0.549,0.000,0.000,0.000,0.726,0.000,10.655,1.146,0.000,4.171,7.970,15.955,1.148,0.259,8.494,1.540,0.000,0.000
Tyrrhenian,Lazio,Civitavecchia A,Civitavecchia A1,None,11.7488,42.0462,36.700,0.000,0.500,0.000,0.000,0.000,0.000,0.000,0.000,0.150,18.000,0.000,2.900,0.000,0.000,0.100,0.900,3.100,0.300,0.000,0.000,0.100,0.250,0.000,0.000,0.000,0.000,0.000,34.100,2.100,0.700,0.000,0.000,0.100,0.000,0.000
Tyrrhenian,Lazio,Civitavecchia A,Civitavecchia A2,None,11.7488,42.0462,54.600,0.000,0.500,0.700,0.000,0.000,0.000,0.000,0.000,0.900,14.600,0.000,4.600,0.000,0.000,2.200,0.800,1.800,0.000,0.000,0.000,0.700,0.000,0.000,0.100,0.000,0.000,0.000,16.300,1.800,0.400,0.000,0.000,0.000,0.000,0.000
Tyrrhenian,Lazio,Civitavecchia A,Civitavecchia A3,None,11.7488,42.0462,67.300,0.000,0.000,8.750,0.000,0.000,0.000,0.000,0.000,1.250,10.000,0.000,10.600,0.000,0.000,0.000,0.000,0.000,0.000,0.000,0.000,0.100,0.000,0.000,0.000,0.000,0.000,0.000,0.000,2.000,0.000,0.000,0.000,0.000,0.000,0.000
Tyrrhenian,Lazio,Civitavecchia B,Civitavecchia B1,None,11.7664,42.0381,37.700,0.000,0.200,0.000,0.000,0.000,0.000,0.000,0.000,0.100,24.900,0.000,1.500,0.000,0.000,1.000,3.000,2.500,0.000,0.000,0.000,0.100,0.200,0.000,0.000,0.000,0.000,0.000,27.000,1.600,0.200,0.000,0.000,0.000,0.000,0.000
Tyrrhenian,Lazio,Civitavecchia B,Civitavecchia B2,None,11.7664,42.0381,36.600,0.000,0.450,0.000,0.000,0.000,0.000,0.000,0.000,0.300,25.200,0.000,1.400,0.000,0.000,0.550,1.700,1.400,0.000,0.000,0.000,0.000,0.200,0.000,0.000,0.000,0.000,0.000,29.900,1.300,1.000,0.000,0.000,0.000,0.000,0.000
Tyrrhenian,Lazio,Civitavecchia B,Civitavecchia B3,None,11.7664,42.0381,44.000,0.000,0.200,0.000,0.000,0.000,0.000,0.000,0.000,0.000,15.300,0.000,1.100,0.100,0.000,1.200,0.500,0.800,0.100,0.000,0.000,0.000,0.000,0.000,0.000,0.000,0.000,0.000,35.800,0.600,0.300,0.000,0.000,0.000,0.000,0.000
Tyrrhenian,Lazio,Parete,Parete1,ZSC,13.0569,40.9621,0.196,0.000,0.000,0.435,0.000,0.000,0.000,0.344,0.042,0.299,3.887,0.000,4.122,0.012,1.275,0.165,2.912,30.986,0.000,0.000,20.287,0.187,0.905,0.000,0.000,0.400,0.000,0.043,29.694,0.000,0.000,0.397,3.376,0.034,0.000,0.000
Tyrrhenian,Lazio,Parete,Parete2,ZSC,13.0569,40.9621,0.117,0.000,0.000,6.040,0.000,0.000,0.000,0.091,0.082,0.756,9.935,0.199,5.966,0.000,0.224,0.000,0.000,19.107,0.000,0.000,7.551,0.129,1.085,0.000,0.000,2.198,0.000,2.297,33.248,0.101,1.604,0.132,9.039,0.094,0.000,0.000
Tyrrhenian,Lazio,Parete,Parete3,ZSC,13.0569,40.9621,0.844,0.000,0.000,0.234,0.000,0.000,0.000,0.635,0.201,0.466,15.657,0.042,3.071,0.026,0.207,0.000,7.892,10.593,0.083,0.000,18.215,0.113,2.128,0.000,0.000,1.589,0.000,1.263,22.453,0.000,0.555,0.273,13.181,0.203,0.074,0.000
Tyrrhenian,Lazio,Punta Guardia,Punta Guardia1,None,12.9405,40.8578,0.792,0.000,0.000,0.004,0.000,0.000,0.000,0.000,0.000,0.105,2.097,0.000,0.370,0.000,0.000,0.000,6.383,33.777,0.000,0.000,25.327,0.026,0.142,0.000,0.000,0.139,0.219,0.000,26.472,0.033,0.000,0.085,4.029,0.000,0.000,0.000
Tyrrhenian,Lazio,Punta Guardia,Punta Guardia2,None,12.9405,40.8578,4.365,0.000,0.000,0.009,0.000,0.000,0.000,0.000,0.000,0.282,29.276,0.000,0.613,0.036,0.000,1.089,5.759,3.436,0.000,0.000,0.171,0.000,1.035,0.000,0.000,1.764,0.017,0.000,48.333,0.000,2.672,0.133,0.532,0.479,0.000,0.000
Tyrrhenian,Lazio,Punta Guardia,Punta Guardia3,None,12.9405,40.8578,6.506,0.000,0.000,0.182,0.000,0.000,0.000,0.161,0.000,1.858,31.190,0.000,19.361,0.000,0.000,0.000,0.020,22.675,0.000,0.000,0.072,0.000,0.031,0.000,0.000,1.205,0.000,0.000,13.955,0.000,1.773,0.150,0.802,0.054,0.000,0.000
Tyrrhenian,Lazio,Sant Agostino A,Sant Agostino A1,None,11.671,42.1538,31.700,0.000,2.000,0.000,0.000,0.000,0.000,0.000,0.000,0.150,37.000,0.000,1.200,0.000,0.000,0.300,0.000,1.000,0.000,0.000,0.000,0.200,0.150,0.000,0.000,0.000,0.000,0.000,25.000,0.600,0.700,0.000,0.000,0.000,0.000,0.000
Tyrrhenian,Lazio,Sant Agostino A,Sant Agostino A2,None,11.671,42.1538,41.100,0.000,0.700,0.000,0.000,0.000,0.000,0.000,0.000,0.200,22.800,2.100,4.300,0.000,0.000,0.000,0.000,1.200,0.000,0.000,0.000,0.350,0.100,0.500,0.000,0.000,0.000,0.000,25.400,1.250,0.000,0.000,0.000,0.000,0.000,0.000
Tyrrhenian,Lazio,Sant Agostino A,Sant Agostino A3,None,11.671,42.1538,43.500,0.000,1.150,0.000,0.000,0.000,0.000,0.000,0.000,0.050,24.200,5.500,3.800,0.000,0.000,0.100,0.000,0.200,0.000,0.000,0.000,0.000,0.250,0.250,0.000,0.000,0.000,0.000,20.300,0.550,0.000,0.000,0.100,0.050,0.000,0.000
Tyrrhenian,Lazio,Sant Agostino B,Sant Agostino B1,None,11.6721,42.1358,69.800,0.000,0.400,4.250,0.000,0.000,0.000,0.000,0.000,1.550,11.200,0.000,8.400,0.000,0.000,0.000,0.000,0.000,0.000,0.000,0.000,0.700,0.000,0.000,0.000,0.000,0.000,0.000,1.400,2.300,0.000,0.000,0.000,0.000,0.000,0.000
Tyrrhenian,Lazio,Sant Agostino B,Sant Agostino B2,None,11.6721,42.1358,53.900,0.000,0.000,5.200,0.000,0.000,0.000,0.000,0.000,0.600,13.800,0.000,6.000,0.000,0.000,0.600,2.300,0.800,0.000,0.000,0.000,0.200,0.100,0.000,0.000,0.000,0.000,0.000,14.100,2.300,0.100,0.000,0.000,0.000,0.000,0.000
Tyrrhenian,Lazio,Sant Agostino B,Sant Agostino B3,None,11.6721,42.1358,35.000,0.000,0.500,0.000,0.000,0.000,0.000,0.000,0.000,0.300,33.400,0.000,1.700,0.000,0.000,0.600,2.400,2.600,0.000,0.000,0.000,0.000,0.200,0.000,0.000,0.000,0.000,0.000,21.400,1.000,0.900,0.000,0.000,0.000,0.000,0.000
Tyrrhenian,Lazio,Santa Marinella A,Santa Marinella A1,None,11.7835,42.012,31.700,0.000,2.000,0.000,0.000,0.000,0.000,0.000,0.000,0.150,37.000,0.000,1.200,0.000,0.000,0.200,0.000,1.000,0.100,0.000,0.000,0.200,0.150,0.000,0.000,0.000,0.000,0.000,25.000,0.600,0.700,0.000,0.000,0.000,0.000,0.000
Tyrrhenian,Lazio,Santa Marinella A,Santa Marinella A2,None,11.7835,42.012,41.100,0.000,0.700,0.000,0.000,0.000,0.000,0.000,0.000,0.200,22.800,2.100,4.300,0.000,0.000,0.000,0.000,1.200,0.000,0.000,0.000,0.350,0.100,0.500,0.000,0.000,0.000,0.000,25.400,1.250,0.000,0.000,0.000,0.000,0.000,0.000
Tyrrhenian,Lazio,Santa Marinella A,Santa Marinella A3,None,11.7835,42.012,43.500,0.000,1.150,0.000,0.000,0.000,0.000,0.000,0.000,0.050,24.200,5.500,3.800,0.000,0.000,0.000,0.000,0.200,0.100,0.000,0.000,0.000,0.250,0.250,0.000,0.000,0.000,0.000,20.300,0.550,0.000,0.000,0.100,0.050,0.000,0.000
Tyrrhenian,Lazio,Santa Marinella B,Santa Marinella B1,None,11.866,41.9786,46.700,0.000,0.600,0.000,0.000,0.000,0.000,0.000,0.000,0.100,29.000,0.000,1.800,0.000,0.000,0.100,0.900,0.000,0.400,0.000,0.000,1.500,0.000,5.200,0.000,0.000,0.000,0.000,12.700,0.500,0.400,0.000,0.100,0.000,0.000,0.000
Tyrrhenian,Lazio,Santa Marinella B,Santa Marinella B2,None,11.866,41.9786,43.400,0.000,0.850,0.000,0.000,0.000,0.000,0.000,0.000,0.100,24.700,0.000,1.650,0.000,0.000,0.000,0.600,1.800,0.100,0.000,0.000,1.300,0.000,2.250,0.000,0.000,0.000,0.000,21.800,1.200,0.100,0.000,0.150,0.000,0.000,0.000
Tyrrhenian,Lazio,Santa Marinella B,Santa Marinella B3,None,11.866,41.9786,38.400,0.000,0.500,0.000,0.000,0.000,0.000,0.000,0.000,0.000,27.900,0.000,1.100,0.000,0.000,0.000,3.300,0.300,1.400,0.000,0.000,0.700,0.500,1.850,0.000,0.000,0.000,0.000,23.000,0.900,0.000,0.000,0.150,0.000,0.000,0.000
Tyrrhenian,Lazio,Secca Mariuolo,Secca Mariuolo1,ZSC,13.0221,40.9618,1.033,0.000,0.000,0.030,0.000,0.000,0.000,0.000,0.000,0.868,14.616,0.000,1.488,0.000,0.000,0.000,8.851,12.315,0.000,0.000,41.142,0.000,0.205,0.000,0.000,1.028,0.000,0.000,15.861,0.000,0.205,0.035,2.322,0.000,0.000,0.000
Tyrrhenian,Lazio,Secca Mariuolo,Secca Mariuolo2,ZSC,13.0221,40.9618,0.000,0.000,0.035,2.681,0.000,0.000,0.000,0.000,0.000,4.635,54.204,0.000,7.036,0.000,0.000,0.000,0.725,0.487,0.000,0.000,0.500,0.056,0.586,0.000,0.000,2.667,0.000,1.149,23.348,0.000,0.268,0.109,1.342,0.087,0.031,0.050
Tyrrhenian,Lazio,Secca Mariuolo,Secca Mariuolo3,ZSC,13.0221,40.9618,3.709,0.000,0.000,0.106,0.000,0.000,0.000,0.493,0.000,0.990,30.170,0.000,7.506,0.000,0.000,0.000,0.000,27.668,0.000,0.000,15.561,0.000,0.289,0.000,0.000,0.299,0.000,0.000,11.339,0.000,1.177,0.019,0.646,0.028,0.000,0.000
Tyrrhenian,Liguria,Altare,Altare1,MPA,9.2079,44.2869,3.030,0.000,0.084,0.000,0.000,0.000,0.526,0.000,0.000,0.074,47.373,0.000,0.884,0.000,0.000,0.023,0.000,0.881,0.000,0.000,0.024,0.000,0.103,0.752,0.000,0.000,0.000,0.000,45.796,0.000,0.000,0.363,0.039,0.035,0.009,0.000
Tyrrhenian,Liguria,Altare,Altare2,MPA,9.2079,44.2869,2.515,0.000,0.000,0.062,0.000,0.000,0.934,0.000,0.000,0.046,73.109,0.064,1.796,0.000,0.000,0.000,0.000,0.471,0.000,0.000,0.031,0.000,0.278,0.919,0.697,0.000,0.000,0.000,18.233,0.000,0.000,0.406,0.031,0.402,0.003,0.000
Tyrrhenian,Liguria,Altare,Altare3,MPA,9.2079,44.2869,4.677,0.000,0.061,0.713,0.000,0.000,0.099,0.153,0.000,0.106,65.363,0.381,1.432,0.072,0.000,0.000,0.162,1.162,0.000,0.000,0.138,0.000,0.280,0.633,4.178,0.000,0.441,0.000,18.311,0.570,0.000,0.154,0.044,0.863,0.011,0.000
Tyrrhenian,Liguria,Punta Mesco,Punta Mesco1,MPA,9.6342,44.1192,53.340,0.000,0.905,2.600,0.000,0.000,0.000,0.000,0.000,3.080,1.330,0.000,8.483,0.453,0.000,0.000,0.850,0.000,0.000,0.000,0.000,0.000,0.878,3.765,14.753,0.000,0.000,0.000,0.000,7.120,0.000,0.000,2.265,0.180,0.000,0.000
Tyrrhenian,Liguria,Punta Mesco,Punta Mesco2,MPA,9.6342,44.1192,37.875,0.000,1.240,3.760,0.000,0.000,0.000,0.000,0.000,3.108,7.450,0.000,12.668,0.000,0.000,1.235,0.000,0.000,0.000,0.000,0.000,0.000,0.705,3.100,7.700,0.000,0.623,0.000,2.485,13.163,0.000,1.235,2.770,0.888,0.000,0.000
Tyrrhenian,Liguria,Punta Mesco,Punta Mesco3,MPA,9.6342,44.1192,30.853,0.000,1.578,5.058,1.440,0.000,0.000,0.000,0.000,4.115,12.343,0.000,7.215,0.000,0.505,2.055,0.963,0.000,0.000,0.000,0.000,0.935,0.615,2.055,8.648,0.000,0.000,0.000,8.478,9.563,0.000,0.000,2.263,1.320,0.000,0.000
Tyrrhenian,Liguria,Secca Gonzatti,Secca Gonzatti1,MPA,9.1561,44.2846,40.308,0.000,0.000,0.011,0.000,0.000,0.019,1.968,0.000,0.052,25.328,1.052,0.325,0.000,0.000,0.000,0.103,1.859,0.000,0.000,0.023,0.000,0.006,0.142,0.132,1.142,0.000,0.000,24.847,0.000,2.381,0.193,0.096,0.008,0.004,0.000
Tyrrhenian,Liguria,Secca Gonzatti,Secca Gonzatti2,MPA,9.1561,44.2846,41.191,0.000,0.061,0.000,0.000,0.000,0.000,1.301,0.000,0.003,42.959,0.745,1.197,0.000,0.000,0.000,0.011,0.902,0.000,0.000,0.125,0.000,0.123,0.425,1.032,0.052,0.091,0.000,4.530,0.053,4.982,0.101,0.111,0.009,0.000,0.000
Tyrrhenian,Liguria,Secca Gonzatti,Secca Gonzatti3,MPA,9.1561,44.2846,16.525,0.000,0.047,0.219,0.000,0.000,0.250,0.000,0.000,0.095,66.416,0.245,1.124,0.123,0.000,0.000,0.522,2.362,0.041,0.000,0.026,0.000,0.000,0.586,4.090,0.000,0.000,0.000,6.748,0.025,0.346,0.165,0.036,0.010,0.000,0.000
Tyrrhenian,Sardegna,Cavoli,Cavoli1,MPA,9.5412,39.0842,3.527,0.083,0.115,0.009,0.000,0.160,0.000,0.085,0.000,1.610,50.625,0.000,5.880,0.000,0.000,0.215,5.746,0.771,0.000,0.000,0.000,0.000,0.005,0.000,0.000,0.179,0.000,0.000,29.591,0.092,0.160,0.060,0.960,0.101,0.025,0.000
Tyrrhenian,Sardegna,Cavoli,Cavoli2,MPA,9.5412,39.0842,4.058,0.058,0.229,1.489,0.000,0.000,0.000,0.000,0.000,3.760,37.527,0.000,7.829,0.016,0.000,0.000,19.698,0.000,0.000,0.000,0.000,1.249,0.070,0.312,0.840,0.333,0.000,0.000,18.378,0.579,0.000,0.615,1.300,1.657,0.003,0.000
Tyrrhenian,Sardegna,Cavoli,Cavoli3,MPA,9.5412,39.0842,2.515,0.055,0.408,1.448,0.000,1.205,0.000,0.000,0.000,2.969,52.828,0.000,4.432,0.025,0.000,0.023,3.231,0.510,0.003,0.000,0.000,0.000,0.000,0.677,1.802,0.133,0.317,0.000,25.696,0.078,0.000,0.551,0.911,0.163,0.023,0.000
Tyrrhenian,Sardegna,Occhio di Dio,Occhio di Dio1,MPA,9.7431,40.8935,13.110,0.000,0.000,0.225,0.000,0.000,0.000,0.314,0.000,0.073,46.589,0.029,11.188,0.000,0.000,0.156,0.186,0.659,0.258,0.000,0.249,0.000,0.086,0.017,0.000,0.369,0.000,0.000,24.402,1.678,0.000,0.014,0.298,0.038,0.069,0.000
Tyrrhenian,Sardegna,Occhio di Dio,Occhio di Dio2,MPA,9.7431,40.8935,1.487,0.000,0.000,0.187,0.000,0.000,0.000,0.203,0.000,0.296,24.298,0.033,3.672,0.000,0.071,0.120,0.567,4.254,19.478,0.000,23.942,0.000,0.013,0.000,0.000,0.131,0.000,0.000,20.209,0.808,0.000,0.083,0.051,0.053,0.049,0.000
Tyrrhenian,Sardegna,Occhio di Dio,Occhio di Dio3,MPA,9.7431,40.8935,2.876,0.000,0.035,1.061,0.000,0.000,0.000,0.363,0.000,0.104,60.865,0.000,2.128,0.000,0.000,0.259,0.312,2.325,1.229,0.000,16.931,0.007,0.052,0.198,0.000,0.597,0.000,0.000,10.020,0.249,0.218,0.033,0.098,0.024,0.024,0.000
Tyrrhenian,Sardegna,Santa Caterina A,Santa Caterina A1,MPA,9.4944,39.0855,1.218,0.336,0.175,0.288,0.000,0.000,0.000,6.569,0.000,0.061,11.735,0.048,0.965,0.000,0.065,3.056,3.990,0.717,0.052,0.000,0.204,1.989,0.008,0.000,0.000,0.195,0.391,0.000,67.108,0.060,0.045,0.185,0.528,0.009,0.002,0.000
Tyrrhenian,Sardegna,Santa Caterina A,Santa Caterina A2,MPA,9.4944,39.0855,0.376,1.500,0.110,0.262,0.000,0.000,0.000,3.321,0.000,0.080,7.294,0.120,1.714,0.066,0.000,1.045,6.052,0.668,0.075,0.000,0.360,0.000,0.062,0.157,0.000,0.250,0.074,0.000,75.204,0.092,0.000,0.186,0.851,0.077,0.009,0.000
Tyrrhenian,Sardegna,Santa Caterina A,Santa Caterina A3,MPA,9.4944,39.0855,1.496,0.602,0.000,0.126,0.000,0.000,0.000,3.217,0.000,0.046,8.773,0.120,1.406,0.011,0.000,0.821,2.078,0.924,0.080,0.000,0.358,0.000,0.000,0.116,0.000,0.169,0.791,0.000,78.159,0.061,0.000,0.185,0.427,0.026,0.003,0.000
Tyrrhenian,Sardegna,Secca del Papa A,Secca del Papa A1,MPA,9.7522,40.9325,8.126,0.000,0.076,0.314,0.000,0.000,0.000,0.229,0.000,2.865,14.718,0.000,10.943,0.764,0.000,0.013,3.570,0.822,0.078,0.000,0.072,3.531,0.144,1.172,0.850,1.148,0.428,0.000,44.698,0.000,0.000,4.477,0.530,0.409,0.028,0.000
Tyrrhenian,Sardegna,Secca del Papa A,Secca del Papa A2,MPA,9.7522,40.9325,8.804,0.000,0.000,0.003,0.000,0.000,0.000,0.358,0.000,2.459,23.087,0.190,10.905,0.830,0.000,0.114,4.424,0.945,0.135,0.000,0.062,0.467,0.252,2.135,0.371,0.548,1.070,0.000,40.143,0.000,0.000,2.141,0.339,0.188,0.034,0.000
Tyrrhenian,Sardegna,Secca del Papa A,Secca del Papa A3,MPA,9.7522,40.9325,1.061,0.000,0.000,0.792,0.000,0.000,0.000,0.052,0.000,0.175,63.974,0.037,2.768,0.056,0.000,0.018,0.411,12.427,2.672,0.000,9.814,0.000,0.015,0.731,0.275,0.251,0.000,0.000,4.184,0.000,0.000,0.155,0.118,0.010,0.003,0.000
Tyrrhenian,Sardegna,Secca del Papa B,Secca del Papa B1,MPA,9.7505,40.9072,2.406,0.000,0.000,0.042,0.000,0.000,0.000,1.786,0.000,0.015,64.175,0.280,4.138,0.000,0.000,0.083,0.376,3.715,2.899,0.000,0.564,0.000,0.000,0.551,0.649,0.313,0.000,0.000,17.012,0.627,0.000,0.261,0.080,0.026,0.005,0.000
Tyrrhenian,Sardegna,Secca del Papa B,Secca del Papa B2,MPA,9.7505,40.9072,22.798,0.000,0.000,0.383,0.000,0.061,0.000,1.437,0.000,2.075,22.060,0.000,6.526,1.561,0.059,0.090,0.000,1.570,0.000,0.000,0.060,2.982,0.031,2.807,3.900,3.656,0.813,0.000,23.564,0.003,0.000,2.227,0.736,0.595,0.003,0.000
Tyrrhenian,Sardegna,Secca del Papa B,Secca del Papa B3,MPA,9.7505,40.9072,33.311,0.013,1.384,0.053,0.000,0.000,0.000,0.000,0.000,2.190,24.954,0.388,2.286,0.342,0.084,0.005,2.823,0.852,0.000,0.000,0.044,0.687,0.189,0.807,2.888,0.325,1.749,0.000,22.302,0.000,0.028,1.173,0.739,0.366,0.022,0.000
Tyrrhenian,Sardegna,Torre Stelle,Torre Stelle1,MPA,9.382,39.0741,27.134,0.000,0.000,0.002,0.000,0.000,0.000,0.031,0.000,0.889,12.757,0.000,0.000,0.000,0.000,0.000,0.000,0.096,0.000,0.000,0.066,0.000,0.000,0.000,0.000,0.037,4.060,0.000,43.421,11.327,0.179,0.000,0.000,0.000,0.000,0.000
Tyrrhenian,Sardegna,Torre Stelle,Torre Stelle2,MPA,9.382,39.0741,15.981,0.000,0.000,0.035,0.000,0.000,0.000,0.000,0.000,1.156,52.510,0.013,0.000,0.000,0.000,0.014,0.000,0.016,0.000,0.000,0.096,0.000,0.000,0.000,0.000,0.299,0.597,0.000,14.941,14.245,0.097,0.000,0.000,0.000,0.000,0.000
Tyrrhenian,Sardegna,Torre Stelle,Torre Stelle3,MPA,9.382,39.0741,24.564,0.000,0.000,0.042,0.000,0.000,0.000,1.269,0.000,1.727,50.443,0.000,0.000,0.000,0.000,0.000,0.000,0.007,0.000,0.000,0.042,0.000,0.000,0.000,0.000,0.668,1.114,0.000,5.605,14.028,0.494,0.000,0.000,0.000,0.000,0.000
Tyrrhenian,Toscana,Argentarola,Argentarola1,None,11.0561,42.4053,2.521,0.000,0.136,0.000,0.233,0.000,0.000,0.072,0.000,0.141,89.466,0.008,1.623,0.000,0.088,0.000,0.000,0.045,0.000,0.000,0.003,0.000,0.000,0.012,1.618,1.382,0.000,0.000,2.522,0.038,0.000,0.035,0.037,0.019,0.000,0.000
Tyrrhenian,Toscana,Argentarola,Argentarola2,None,11.0561,42.4053,4.418,0.000,0.114,0.005,0.056,0.000,0.000,0.022,0.000,0.144,89.654,0.013,0.657,0.000,0.000,0.003,0.000,0.003,0.000,0.000,0.017,0.000,0.000,0.032,0.775,0.747,0.000,0.000,3.081,0.000,0.000,0.190,0.063,0.005,0.001,0.000
Tyrrhenian,Toscana,Argentarola,Argentarola3,None,11.0561,42.4053,7.410,0.000,0.023,0.019,0.039,0.000,0.008,0.125,0.000,0.089,87.330,0.003,0.696,0.000,0.000,0.057,0.003,0.274,0.000,0.000,0.047,0.000,0.000,0.027,0.781,0.690,0.000,0.000,1.985,0.029,0.000,0.217,0.052,0.091,0.004,0.000
Tyrrhenian,Toscana,Baratti,Baratti1,None,10.4692,43.0286,3.468,0.000,4.026,0.000,0.000,0.000,0.000,0.000,0.000,0.575,76.807,0.000,7.248,0.000,0.000,0.000,0.032,0.000,0.000,0.000,0.000,0.000,0.000,0.000,2.245,0.000,0.000,0.000,3.932,0.045,0.000,0.439,0.369,0.009,0.000,0.804
Tyrrhenian,Toscana,Baratti,Baratti2,None,10.4692,43.0286,3.807,0.000,2.527,0.007,0.000,0.000,0.000,0.000,0.000,0.369,82.044,0.000,3.466,0.000,0.000,0.000,0.051,0.014,0.000,0.000,0.000,0.000,0.000,0.206,0.233,0.000,0.000,0.000,5.360,0.629,0.000,0.225,0.246,0.026,0.000,0.785
Tyrrhenian,Toscana,Baratti,Baratti3,None,10.4692,43.0286,4.211,0.000,0.178,0.000,0.000,0.000,0.000,0.000,0.000,0.318,70.284,0.000,5.734,0.196,0.000,0.000,0.000,0.000,0.000,0.000,0.000,0.000,0.000,0.054,0.139,0.000,0.000,0.000,17.173,0.251,0.148,0.178,0.215,0.025,0.000,0.895
Tyrrhenian,Toscana,Boccale,Boccale1,None,10.2893,43.4211,0.288,0.000,2.184,0.236,0.000,0.000,3.645,0.000,0.000,0.352,72.769,0.000,4.285,0.000,0.000,0.000,0.000,0.000,0.000,0.000,0.000,0.000,0.000,0.670,0.000,0.000,0.000,0.000,14.525,0.844,0.000,0.187,0.000,0.014,0.000,0.000
Tyrrhenian,Toscana,Boccale,Boccale2,None,10.2893,43.4211,1.605,0.000,2.812,0.318,0.000,0.000,4.383,0.000,0.000,0.147,81.805,0.000,2.327,0.000,0.004,0.006,0.000,0.000,0.000,0.000,0.000,0.000,0.000,0.752,0.000,0.000,0.000,0.000,5.019,0.680,0.000,0.137,0.008,0.006,0.000,0.000
Tyrrhenian,Toscana,Boccale,Boccale3,None,10.2893,43.4211,1.363,0.000,0.226,0.007,0.000,0.000,1.850,0.000,0.000,0.317,86.363,0.000,0.911,0.000,0.000,0.048,0.000,0.000,0.000,0.000,0.000,0.000,0.007,0.413,0.000,0.000,0.000,0.000,8.334,0.081,0.000,0.074,0.000,0.006,0.000,0.000
Tyrrhenian,Toscana,Cala Corfu,Cala Corfu1,MPA,10.3513,42.3086,1.232,0.000,0.139,0.038,0.478,0.000,0.000,1.025,0.000,0.000,31.904,0.246,3.899,0.058,50.353,0.392,0.729,0.874,0.000,0.000,0.074,0.003,0.000,0.000,0.078,0.212,0.000,0.000,7.339,0.824,0.014,0.000,0.040,0.050,0.000,0.000
Tyrrhenian,Toscana,Cala Corfu,Cala Corfu2,MPA,10.3513,42.3086,0.774,0.000,0.131,0.002,1.133,0.000,0.000,0.614,0.000,0.000,6.809,0.435,0.514,0.000,75.121,0.133,0.233,0.553,0.000,5.400,0.055,0.000,0.000,0.000,0.035,0.031,0.000,0.000,7.087,0.824,0.014,0.000,0.020,0.036,0.000,0.048
Tyrrhenian,Toscana,Cala Corfu,Cala Corfu3,MPA,10.3513,42.3086,2.046,0.000,0.000,0.002,1.200,0.000,0.000,0.039,0.000,0.000,11.482,0.023,0.327,0.000,83.735,0.121,0.037,0.290,0.000,0.000,0.018,0.000,0.000,0.000,0.020,0.157,0.000,0.000,0.406,0.000,0.004,0.004,0.077,0.003,0.000,0.006
Tyrrhenian,Toscana,Cala Mandolina,Cala Mandolina1,MPA,10.3188,42.3674,2.280,0.000,0.000,0.006,1.831,0.000,0.000,0.045,0.000,0.000,15.013,0.032,1.621,0.058,76.816,1.377,0.177,0.261,0.000,0.000,0.047,0.054,0.000,0.000,0.000,0.195,0.000,0.000,0.087,0.000,0.000,0.096,0.000,0.000,0.000,0.000
Tyrrhenian,Toscana,Cala Mandolina,Cala Mandolina2,MPA,10.3188,42.3674,7.727,0.000,0.000,0.000,2.327,0.000,0.000,0.068,0.000,0.006,14.050,0.000,0.933,0.000,71.600,0.988,0.000,0.193,0.000,0.000,0.014,0.000,0.000,0.000,0.000,0.324,0.189,0.000,0.201,0.027,0.000,1.336,0.016,0.002,0.000,0.000
Tyrrhenian,Toscana,Cala Mandolina,Cala Mandolina3,MPA,10.3188,42.3674,7.295,0.000,0.000,0.000,0.413,0.000,0.000,0.058,0.000,0.032,59.267,0.126,1.382,0.000,23.168,1.800,0.000,1.890,0.000,0.000,0.761,0.000,0.000,0.000,0.000,1.033,0.000,0.000,2.460,0.000,0.017,0.038,0.195,0.057,0.006,0.000
Tyrrhenian,Toscana,Cala Martina,Cala Martina1,MPA,9.9107,43.4289,9.298,0.162,0.000,0.000,0.000,0.000,0.000,2.679,0.000,0.015,15.581,1.209,1.725,0.000,0.556,2.888,0.363,1.220,0.175,19.660,0.206,0.000,0.444,0.000,0.000,0.323,0.000,0.000,40.504,0.204,2.349,0.179,0.083,0.022,0.153,0.000
Tyrrhenian,Toscana,Cala Martina,Cala Martina2,MPA,9.9107,43.4289,0.000,0.025,0.007,0.011,0.000,0.011,0.000,7.622,0.000,0.028,20.851,1.185,0.924,0.000,0.107,0.647,0.819,1.411,0.172,0.391,0.243,0.000,0.280,0.000,0.000,0.196,0.000,0.000,60.493,0.064,4.178,0.063,0.126,0.000,0.142,0.000
Tyrrhenian,Toscana,Cala Martina,Cala Martina3,MPA,9.9107,43.4289,0.052,0.019,0.000,0.000,0.000,0.000,0.000,7.716,0.000,0.000,18.287,1.256,0.215,0.043,0.218,2.907,0.000,2.881,0.000,0.100,0.774,0.000,0.287,0.000,0.000,0.176,0.000,0.000,62.370,0.000,2.517,0.124,0.029,0.012,0.014,0.000
Tyrrhenian,Toscana,Calignaia,Calignaia1,None,10.2085,43.4881,9.162,0.000,0.090,0.000,0.000,0.000,0.836,0.000,0.000,0.109,32.412,0.000,0.297,0.000,0.000,0.014,0.000,0.611,0.000,0.000,0.010,0.000,0.033,0.000,0.000,0.000,0.000,0.000,56.382,0.034,0.000,0.000,0.000,0.008,0.000,0.000
Tyrrhenian,Toscana,Calignaia,Calignaia2,None,10.2085,43.4881,1.179,0.000,0.359,0.000,0.000,0.000,3.132,0.000,0.000,0.159,58.855,0.000,0.726,0.000,0.000,0.000,0.000,0.217,0.000,0.000,0.000,0.000,0.001,0.065,0.000,0.000,0.000,0.000,35.023,0.223,0.000,0.004,0.043,0.012,0.000,0.000
Tyrrhenian,Toscana,Calignaia,Calignaia3,None,10.2085,43.4881,4.681,0.000,0.112,0.000,0.000,0.000,0.455,0.000,0.000,0.085,32.373,0.000,0.400,0.000,0.000,0.092,0.000,0.069,0.000,0.000,0.004,0.000,0.000,0.082,0.000,0.025,0.000,0.000,61.582,0.008,0.000,0.000,0.006,0.006,0.000,0.019
Tyrrhenian,Toscana,Grottoni,Grottoni1,ZTB,11.1022,42.2363,1.699,0.000,0.010,0.033,0.000,0.000,0.000,0.066,0.000,0.012,63.435,0.212,1.988,0.247,0.000,0.158,0.636,4.349,0.121,0.000,1.667,0.237,0.121,0.015,0.000,2.282,1.285,0.000,20.962,0.052,0.000,0.023,0.293,0.098,0.000,0.000
Tyrrhenian,Toscana,Grottoni,Grottoni2,ZTB,11.1022,42.2363,8.333,0.000,0.000,0.018,0.000,0.000,0.000,0.000,0.000,0.010,68.899,0.000,0.416,0.000,0.000,0.141,0.499,3.170,0.000,0.000,10.197,0.000,0.210,0.000,0.000,0.854,0.000,0.000,6.493,0.105,0.000,0.354,0.215,0.020,0.066,0.000
Tyrrhenian,Toscana,Grottoni,Grottoni3,ZTB,11.1022,42.2363,3.205,0.000,0.000,0.007,0.000,0.000,0.000,0.054,0.000,0.053,68.077,0.076,0.429,0.195,0.000,1.153,2.045,3.090,2.293,0.000,5.958,0.209,0.283,0.000,0.000,0.802,0.085,0.000,11.659,0.000,0.000,0.026,0.287,0.022,0.000,0.000
Tyrrhenian,Toscana,La Civitata,La Civitata1,MPA,9.8683,43.0144,2.296,0.000,0.000,0.011,0.051,0.000,0.000,0.112,0.000,0.000,20.521,0.000,1.764,0.023,6.223,0.032,0.000,32.560,0.000,0.000,35.302,0.000,0.003,0.000,0.000,0.070,0.000,0.000,0.929,0.000,0.015,0.019,0.062,0.002,0.000,0.002
Tyrrhenian,Toscana,La Civitata,La Civitata2,MPA,9.8683,43.0144,1.775,0.000,0.042,0.005,0.000,0.000,0.000,0.164,0.000,0.007,60.720,0.000,1.404,0.134,0.000,0.045,0.000,12.533,0.000,0.000,22.385,0.000,0.000,0.000,0.000,0.015,0.000,0.000,0.601,0.000,0.000,0.007,0.146,0.016,0.000,0.000
Tyrrhenian,Toscana,La Civitata,La Civitata3,MPA,9.8683,43.0144,1.268,0.000,0.114,0.041,0.013,0.000,0.000,0.000,0.000,0.000,47.539,0.000,5.155,0.000,1.776,0.009,0.000,24.603,0.000,0.000,17.778,0.009,0.001,0.076,0.000,0.129,0.000,0.000,0.865,0.223,0.025,0.051,0.144,0.036,0.000,0.144
Tyrrhenian,Toscana,Le Scole,Le Scole1,None,10.9467,42.3492,1.169,0.000,0.000,0.023,0.000,0.000,0.000,0.297,0.000,0.625,12.837,0.000,5.172,0.217,0.150,0.000,17.905,2.619,1.157,0.000,0.253,1.568,0.160,0.641,1.856,3.843,2.094,0.000,43.242,0.000,2.747,0.219,0.494,0.718,0.000,0.000
Tyrrhenian,Toscana,Le Scole,Le Scole2,None,10.9467,42.3492,0.250,0.000,0.000,0.005,0.000,0.000,0.000,0.000,0.000,0.264,18.282,0.000,1.061,0.081,0.980,0.332,2.700,3.739,0.900,0.000,1.556,0.000,0.066,5.371,2.231,4.606,0.226,0.000,53.649,0.050,1.769,0.000,1.174,0.709,0.000,0.000
Tyrrhenian,Toscana,Le Scole,Le Scole3,None,10.9467,42.3492,9.201,0.000,0.000,0.017,0.000,0.000,0.000,0.345,0.000,0.259,25.023,0.000,1.400,0.205,2.150,0.000,2.653,3.975,4.054,0.000,0.750,0.533,0.099,7.157,0.600,2.466,0.000,0.000,38.187,0.041,0.000,0.080,0.485,0.317,0.000,0.000
Tyrrhenian,Toscana,Lo Scoglietto,Lo Scoglietto1,ZTB,10.3309,42.846,35.597,0.000,0.000,0.000,0.880,0.000,0.000,0.020,0.002,0.017,49.253,0.368,0.417,0.000,1.583,0.088,0.000,0.950,0.000,0.000,0.499,0.000,0.024,0.008,0.000,0.080,0.000,0.000,10.011,0.000,0.099,0.065,0.030,0.009,0.000,0.000
Tyrrhenian,Toscana,Lo Scoglietto,Lo Scoglietto2,ZTB,10.3309,42.846,15.096,0.000,0.039,0.003,0.521,0.000,0.000,0.099,0.000,0.002,64.613,0.124,0.835,0.104,11.475,0.067,0.000,2.242,0.000,0.000,2.349,0.000,0.000,0.000,0.000,0.087,0.000,0.000,1.983,0.000,0.253,0.017,0.043,0.011,0.000,0.036
Tyrrhenian,Toscana,Lo Scoglietto,Lo Scoglietto3,ZTB,10.3309,42.846,17.650,0.000,0.000,0.063,0.009,0.000,0.000,0.099,0.000,0.321,74.301,0.094,1.321,0.000,1.510,0.084,0.000,0.584,0.000,0.000,0.684,0.000,0.000,0.342,0.000,0.132,0.000,0.000,2.118,0.014,0.008,0.262,0.305,0.068,0.000,0.036
Tyrrhenian,Toscana,Lo Scoglione,Lo Scoglione1,MPA,9.8326,42.9868,6.272,0.000,0.004,0.000,1.170,0.000,0.000,0.279,0.000,0.020,80.816,0.412,3.469,0.054,0.000,0.010,0.000,5.719,0.000,0.000,0.261,0.000,0.000,0.000,0.000,0.188,0.000,0.000,1.089,0.048,0.000,0.007,0.137,0.037,0.008,0.000
Tyrrhenian,Toscana,Lo Scoglione,Lo Scoglione2,MPA,9.8326,42.9868,7.137,0.000,0.000,0.008,0.478,0.000,0.000,0.052,0.000,0.022,71.563,0.109,2.587,0.000,0.037,0.017,0.000,14.526,0.000,0.000,1.430,0.000,0.004,0.000,0.000,0.336,0.000,0.000,1.427,0.135,0.013,0.015,0.088,0.016,0.000,0.000
Tyrrhenian,Toscana,Lo Scoglione,Lo Scoglione3,MPA,9.8326,42.9868,8.068,0.000,0.097,0.046,0.007,0.000,0.000,0.000,0.000,0.027,65.371,0.164,7.847,0.058,0.064,0.000,0.000,12.921,0.000,0.000,2.291,0.000,0.000,0.022,0.000,0.485,0.000,0.000,1.866,0.421,0.095,0.038,0.075,0.037,0.000,0.000
Tyrrhenian,Toscana,Meloria A,Meloria A1,MPA,10.0957,43.5843,54.984,0.000,0.000,0.151,0.000,0.000,0.000,12.806,0.000,0.016,21.680,0.390,0.362,0.081,0.000,4.096,0.000,0.000,0.000,0.000,0.000,0.000,0.000,0.000,0.004,0.463,0.000,0.000,4.771,0.037,0.106,0.000,0.051,0.000,0.000,0.000
Tyrrhenian,Toscana,Meloria A,Meloria A2,MPA,10.0957,43.5843,52.078,0.000,0.000,0.034,0.000,0.000,0.000,10.521,0.000,0.036,23.797,1.736,0.371,0.000,0.000,1.024,0.138,0.383,0.000,0.000,0.000,0.000,0.000,0.000,0.000,0.454,0.000,0.000,9.099,0.000,0.311,0.012,0.008,0.000,0.000,0.000
Tyrrhenian,Toscana,Meloria A,Meloria A3,MPA,10.0957,43.5843,43.827,0.000,0.000,0.013,0.000,0.000,0.000,9.179,0.000,0.131,28.748,0.136,0.171,0.000,0.000,1.303,0.240,0.044,0.000,0.000,0.000,0.000,0.000,0.000,0.000,0.090,0.000,0.000,16.082,0.000,0.000,0.033,0.000,0.000,0.000,0.000
Tyrrhenian,Toscana,Meloria B,Meloria B1,MPA,10.0931,43.5522,49.628,0.000,0.000,0.041,0.000,0.000,0.000,2.570,0.000,0.055,36.284,0.361,1.992,0.249,0.000,0.019,0.004,0.477,0.000,0.000,0.000,0.000,0.099,0.227,0.000,0.140,0.000,0.000,7.699,0.055,0.000,0.000,0.000,0.000,0.101,0.000
Tyrrhenian,Toscana,Meloria B,Meloria B2,MPA,10.0931,43.5522,45.564,0.000,0.035,0.020,0.000,0.000,0.000,1.546,0.000,0.202,42.300,0.142,2.727,0.000,0.000,0.063,0.008,0.158,0.000,0.000,0.000,0.000,0.035,0.052,0.000,0.079,0.000,0.000,6.953,0.000,0.086,0.000,0.020,0.008,0.000,0.000
Tyrrhenian,Toscana,Meloria B,Meloria B3,MPA,10.0931,43.5522,53.420,0.000,0.000,0.000,0.000,0.000,0.000,9.790,0.000,0.029,31.698,0.000,0.572,0.018,0.000,0.473,0.000,0.186,0.000,0.000,0.016,0.000,0.000,0.000,0.000,0.030,0.000,0.000,3.519,0.222,0.000,0.000,0.009,0.012,0.010,0.000
Tyrrhenian,Toscana,Pianosa A,Pianosa A1,ZTB,10.1042,42.575,2.616,0.000,0.080,0.024,0.000,0.000,0.000,0.307,0.000,0.046,70.798,0.000,2.029,0.000,0.000,0.000,1.603,9.037,0.004,0.000,7.748,0.000,0.086,0.078,0.000,0.181,0.000,0.000,3.400,0.000,0.063,1.612,0.175,0.000,0.109,0.000
Tyrrhenian,Toscana,Pianosa A,Pianosa A2,ZTB,10.1042,42.575,0.546,0.000,0.000,0.025,0.000,0.000,0.000,0.000,0.000,0.105,76.899,0.000,2.059,0.000,0.000,0.000,0.647,5.354,0.139,0.000,9.413,0.000,0.000,0.000,0.000,0.182,0.000,0.000,3.794,0.000,0.000,0.488,0.323,0.014,0.015,0.000
Tyrrhenian,Toscana,Pianosa A,Pianosa A3,ZTB,10.1042,42.575,4.014,0.000,0.240,0.598,0.000,0.000,0.000,0.000,0.000,0.224,69.130,0.000,3.895,0.000,0.000,0.000,2.453,8.960,0.000,0.000,7.187,0.000,0.000,0.000,0.000,0.157,0.000,0.000,1.628,0.000,0.000,0.751,0.688,0.018,0.058,0.000
Tyrrhenian,Toscana,Pianosa B,Pianosa B1,ZTB,10.0882,42.62,3.264,0.000,0.187,0.467,0.000,0.000,0.000,0.043,0.000,0.145,81.363,0.023,3.176,0.091,0.000,0.038,2.894,3.653,0.000,0.000,0.259,0.000,0.000,0.000,0.000,0.339,0.000,0.000,2.581,0.000,0.000,0.295,0.976,0.061,0.149,0.000
Tyrrhenian,Toscana,Pianosa B,Pianosa B2,ZTB,10.0882,42.62,10.240,0.000,0.000,0.241,0.000,0.000,0.000,0.158,0.000,0.083,72.438,0.000,2.677,0.063,0.000,0.000,0.685,7.663,0.009,0.000,0.296,0.000,0.000,0.421,0.000,0.665,0.000,0.000,3.106,0.084,0.207,0.385,0.431,0.071,0.071,0.000
Tyrrhenian,Toscana,Pianosa B,Pianosa B3,ZTB,10.0882,42.62,3.900,0.000,0.097,0.072,0.000,0.000,0.000,0.000,0.000,0.209,79.054,0.042,2.836,0.009,0.000,0.000,1.596,6.952,0.036,0.000,0.082,0.000,0.000,0.092,0.000,0.687,0.000,0.000,2.599,0.067,0.000,0.474,0.777,0.045,0.375,0.000
Tyrrhenian,Toscana,Picchi Pablo,Picchi Pablo1,None,10.4639,42.8007,2.446,0.000,0.242,0.161,0.000,0.000,0.000,0.000,0.021,0.079,88.867,0.105,1.009,0.000,0.550,0.039,0.005,3.375,0.000,0.000,0.307,0.000,0.000,0.000,0.000,0.049,0.000,0.000,2.372,0.054,0.000,0.186,0.119,0.012,0.000,0.000
Tyrrhenian,Toscana,Picchi Pablo,Picchi Pablo2,None,10.4639,42.8007,2.315,0.000,0.147,0.317,0.181,0.000,0.000,0.446,0.000,0.159,86.373,0.101,2.493,0.000,0.105,0.003,0.001,4.527,0.000,0.000,0.097,0.134,0.019,0.117,0.000,0.133,0.022,0.000,1.643,0.285,0.016,0.101,0.217,0.009,0.006,0.035
Tyrrhenian,Toscana,Picchi Pablo,Picchi Pablo3,None,10.4639,42.8007,4.957,0.000,0.077,0.411,0.136,0.000,0.000,0.000,0.000,0.156,83.012,0.000,2.882,0.000,1.369,0.043,0.000,4.682,0.000,0.000,0.090,0.000,0.005,0.000,0.000,0.367,0.000,0.000,1.254,0.381,0.000,0.006,0.160,0.007,0.005,0.000
Tyrrhenian,Toscana,Punta Falcone,Punta Falcone1,None,10.4667,42.9207,6.856,0.000,0.158,0.009,0.000,0.000,0.000,0.000,0.000,0.907,69.862,0.000,3.624,0.080,0.000,0.159,0.000,0.000,0.000,0.000,0.000,0.000,0.064,1.452,2.319,0.000,0.000,0.000,11.558,0.172,0.823,0.670,1.223,0.064,0.000,0.000
Tyrrhenian,Toscana,Punta Falcone,Punta Falcone2,None,10.4667,42.9207,6.453,0.000,1.483,0.007,0.000,0.000,0.000,0.000,0.000,1.963,68.822,0.000,8.917,0.239,0.000,0.004,0.000,0.000,0.000,0.000,0.000,0.000,0.000,3.039,1.981,0.000,0.000,0.000,4.657,0.192,0.161,0.748,0.062,0.007,0.000,1.266
Tyrrhenian,Toscana,Punta Falcone,Punta Falcone3,None,10.4667,42.9207,60.875,0.000,0.790,0.000,0.000,0.000,0.000,0.213,0.000,0.853,25.499,0.000,2.395,0.010,0.000,0.000,0.000,0.014,0.000,0.000,0.003,0.000,0.000,2.139,5.559,0.000,0.000,0.000,1.064,0.000,0.000,0.450,0.109,0.025,0.000,0.000
Tyrrhenian,Toscana,Punta Lazzaretto,Punta Lazzaretto1,None,10.945,42.3696,1.182,0.105,0.000,0.000,0.000,0.000,0.000,0.000,0.000,0.922,14.184,0.000,0.437,0.029,2.636,0.659,5.383,1.493,0.000,0.000,0.434,0.000,0.490,3.538,0.000,1.156,0.102,0.142,58.282,0.038,7.744,0.000,0.535,0.512,0.000,0.000
Tyrrhenian,Toscana,Punta Lazzaretto,Punta Lazzaretto2,None,10.945,42.3696,8.523,0.000,0.000,0.059,0.000,0.000,0.000,0.196,0.000,0.736,17.733,2.327,0.964,0.279,3.042,0.321,1.734,0.295,0.000,0.000,0.041,0.327,0.163,0.000,1.509,0.954,0.200,0.000,54.982,0.041,4.832,0.000,0.470,0.272,0.000,0.000
Tyrrhenian,Toscana,Punta Lazzaretto,Punta Lazzaretto3,None,10.945,42.3696,1.730,0.000,0.000,1.997,0.000,0.060,0.000,0.092,0.000,1.067,17.096,1.772,2.990,0.000,2.388,0.000,3.094,0.453,0.024,0.009,0.012,0.581,0.496,0.953,6.196,2.042,0.120,0.000,51.029,0.000,4.940,0.102,0.528,0.201,0.023,0.000
Tyrrhenian,Toscana,Punta San Francesco,Punta San Francesco1,ZTB,11.1204,42.2524,1.618,0.026,0.000,0.237,0.000,0.000,0.000,0.037,0.009,0.521,37.832,0.000,2.125,0.000,2.775,0.000,2.005,12.258,3.598,0.000,0.194,0.929,0.066,0.000,0.000,1.538,0.000,0.000,28.184,0.000,4.371,0.007,0.041,0.080,1.426,0.120
Tyrrhenian,Toscana,Punta San Francesco,Punta San Francesco2,ZTB,11.1204,42.2524,1.924,0.000,0.000,2.118,0.000,0.000,0.000,0.136,0.000,0.277,25.202,0.000,3.623,0.822,0.316,0.000,0.569,24.821,3.194,0.000,0.032,0.000,0.030,0.000,0.000,0.889,0.000,0.126,29.443,2.658,3.298,0.000,0.192,0.166,0.158,0.000
Tyrrhenian,Toscana,Punta San Francesco,Punta San Francesco3,ZTB,11.1204,42.2524,3.674,0.000,0.000,1.630,0.000,0.000,0.000,0.000,0.000,0.059,26.070,0.000,4.821,0.000,1.566,0.000,2.169,10.952,1.408,0.000,0.144,0.000,0.058,0.000,0.000,0.547,0.000,0.000,36.236,0.328,10.296,0.000,0.013,0.029,0.000,0.000
Tyrrhenian,Toscana,Punta Secca,Punta Secca1,ZTB,11.1081,42.2643,2.723,0.000,0.045,0.017,0.000,0.000,0.000,0.000,0.000,0.382,81.861,0.000,2.145,0.000,0.000,0.132,0.024,2.216,0.299,0.000,0.740,0.000,0.102,0.000,0.000,0.740,0.000,0.000,7.037,1.130,0.000,0.011,0.389,0.011,0.000,0.000
Tyrrhenian,Toscana,Punta Secca,Punta Secca2,ZTB,11.1081,42.2643,2.794,0.000,0.006,0.022,0.000,0.000,0.000,0.010,0.000,0.058,75.891,0.200,1.512,0.269,0.000,0.160,0.003,5.130,1.290,0.000,7.414,0.000,0.128,0.000,0.000,1.214,0.050,0.000,2.403,0.023,0.000,0.041,1.297,0.092,0.000,0.000
Tyrrhenian,Toscana,Punta Secca,Punta Secca3,ZTB,11.1081,42.2643,6.616,0.000,0.000,0.000,0.000,0.000,0.000,0.000,0.000,0.007,72.489,0.018,0.313,0.000,0.000,0.133,0.038,3.518,0.122,0.000,14.607,0.000,0.021,0.000,0.000,1.223,0.061,0.000,0.506,0.054,0.000,0.018,0.256,0.000,0.000,0.000
Tyrrhenian,Toscana,Scoglio Corallo,Scoglio Corallo1,None,11.1085,42.3566,5.933,0.000,0.068,0.017,0.000,0.000,0.000,0.117,0.000,0.104,87.452,0.817,0.677,0.035,0.038,0.059,0.001,0.105,0.000,0.000,0.000,0.046,0.000,0.049,0.000,0.646,0.000,0.000,3.565,0.000,0.010,0.080,0.147,0.003,0.001,0.030
Tyrrhenian,Toscana,Scoglio Corallo,Scoglio Corallo2,None,11.1085,42.3566,8.014,0.000,0.165,0.043,0.000,0.000,0.000,0.027,0.000,0.256,83.543,0.201,1.271,0.000,0.043,0.007,0.000,0.130,0.000,0.000,0.003,0.000,0.000,0.049,0.000,3.219,0.000,0.000,2.742,0.026,0.000,0.048,0.176,0.036,0.002,0.000
Tyrrhenian,Toscana,Scoglio Corallo,Scoglio Corallo3,None,11.1085,42.3566,10.553,0.000,0.212,0.022,0.000,0.000,0.000,0.776,0.000,0.144,82.862,0.579,1.338,0.000,0.194,0.085,0.000,0.041,0.000,0.000,0.030,0.000,0.000,0.205,0.000,0.457,0.000,0.000,2.158,0.018,0.000,0.034,0.288,0.004,0.001,0.000
Tyrrhenian,Toscana,Secca Paretella,Secca Paretella1,MPA,9.907,43.4205,2.725,0.000,0.000,0.009,0.000,0.000,0.000,2.186,0.000,0.000,10.642,0.104,0.043,0.000,0.112,17.119,0.000,4.630,1.406,0.712,13.761,0.000,0.093,0.000,0.000,0.088,0.000,0.000,42.558,0.093,3.512,0.014,0.040,0.005,0.150,0.000
Tyrrhenian,Toscana,Secca Paretella,Secca Paretella2,MPA,9.907,43.4205,7.561,0.127,0.000,0.005,0.103,0.000,0.000,4.961,0.000,0.000,26.551,0.118,0.106,0.000,0.000,15.239,0.000,5.307,0.037,2.178,1.853,0.000,0.062,0.000,0.000,0.021,0.000,0.000,34.521,0.000,1.138,0.000,0.005,0.000,0.105,0.000
Tyrrhenian,Toscana,Secca Paretella,Secca Paretella3,MPA,9.907,43.4205,0.000,0.015,0.000,0.007,0.000,0.000,0.000,1.762,0.000,0.000,31.065,0.000,0.045,0.000,0.080,11.980,0.000,4.043,0.218,0.000,1.949,0.000,0.157,0.000,0.000,0.004,0.000,0.000,46.625,0.000,1.877,0.008,0.013,0.000,0.156,0.000
Tyrrhenian,Toscana,Vada A,Vada A1,None,10.3405,43.3451,48.035,0.000,0.286,0.111,0.000,0.000,0.071,0.000,0.000,0.589,43.447,0.000,0.562,0.000,0.000,0.123,0.000,0.000,0.000,0.000,0.000,0.000,0.180,0.000,0.000,0.354,0.000,0.000,5.319,0.068,0.798,0.056,0.000,0.003,0.000,0.000
Tyrrhenian,Toscana,Vada A,Vada A2,None,10.3405,43.3451,53.108,0.000,0.629,0.512,0.000,0.000,0.007,0.000,0.000,1.056,37.974,0.000,0.869,0.000,0.000,0.217,0.025,0.000,0.000,0.000,0.000,0.000,0.209,0.000,0.000,0.000,0.000,0.000,4.755,0.000,0.542,0.078,0.000,0.019,0.000,0.000
Tyrrhenian,Toscana,Vada A,Vada A3,None,10.3405,43.3451,18.494,0.000,2.987,0.163,0.000,0.000,0.000,0.000,0.000,0.993,70.295,0.000,0.815,0.000,0.000,0.000,0.000,0.000,0.000,0.000,0.000,0.000,0.048,0.000,0.000,0.000,0.000,0.000,4.995,0.131,0.979,0.086,0.000,0.013,0.000,0.000
Tyrrhenian,Toscana,Vada B,Vada B1,None,10.3406,43.364,18.363,0.000,0.103,0.192,0.000,0.000,0.000,0.082,0.000,0.097,47.775,0.000,0.663,0.000,0.000,0.000,0.010,7.195,0.000,0.000,0.057,0.000,0.396,0.000,0.000,0.058,0.000,0.000,24.090,0.052,0.824,0.037,0.000,0.003,0.000,0.000
Tyrrhenian,Toscana,Vada B,Vada B2,None,10.3406,43.364,9.800,0.000,0.033,0.157,0.000,0.000,0.000,0.000,0.000,0.227,73.232,0.041,0.782,0.000,0.000,0.000,0.039,7.124,0.000,0.000,0.045,0.000,0.100,0.000,0.000,0.791,0.000,0.000,6.656,0.011,0.653,0.301,0.000,0.008,0.000,0.000
Tyrrhenian,Toscana,Vada B,Vada B3,None,10.3406,43.364,5.639,0.000,0.164,0.100,0.000,0.000,0.090,0.016,0.000,0.231,76.255,0.000,0.484,0.000,0.000,0.000,0.329,3.464,0.000,0.000,0.033,0.000,0.166,0.000,0.000,0.000,0.000,0.000,9.077,0.000,3.640,0.280,0.000,0.014,0.019,0.000
