Eco_Region,Site,Area,Longitude,Latitude,XUTM,YUTM,T,S,Es,Ns,CHL,PHYC,NIT,PHO,DOX,"Andrello et al., 2015 - 9 connectivity clusters","Andrello et al., 2015 - 33 connectivity clusters"
Algero-Provencal,Alghero A,Alghero A1,8.1348,40.6032,426800.3,4495069.73,16.20756,37.89008,-0.00013,0.00491,0.17128,0.77228,0.86337,0.04371,243.33961,9,22
Algero-Provencal,Alghero A,Alghero A2,8.1348,40.6032,426800.3,4495069.73,16.20756,37.89008,-0.00013,0.00491,0.17128,0.77228,0.86337,0.04371,243.33961,9,22
Algero-Provencal,Alghero A,Alghero A3,8.1348,40.6032,426800.3,4495069.73,16.20756,37.89008,-0.00013,0.00491,0.17128,0.77228,0.86337,0.04371,243.33961,9,22
Algero-Provencal,Alghero B,Alghero B1,8.1427,40.5687,427431.4,4491233.57,16.15501,37.8895,-0.0032,0.01765,0.17159,0.7706,0.85173,0.04313,243.79445,9,22
Algero-Provencal,Alghero B,Alghero B2,8.1427,40.5687,427431.4,4491233.57,16.15501,37.8895,-0.0032,0.01765,0.17159,0.7706,0.85173,0.04313,243.79445,9,22
Algero-Provencal,Alghero B,Alghero B3,8.1427,40.5687,427431.4,4491233.57,16.15501,37.8895,-0.0032,0.01765,0.17159,0.7706,0.85173,0.04313,243.79445,9,22
Algero-Provencal,Alghero C,Alghero C1,8.14327,40.55485,427464.7,4489695.71,16.15501,37.8895,-0.0032,0.01765,0.17159,0.7706,0.85173,0.04313,243.79445,9,22
Algero-Provencal,Alghero C,Alghero C2,8.14327,40.55485,427464.7,4489695.71,16.15501,37.8895,-0.0032,0.01765,0.17159,0.7706,0.85173,0.04313,243.79445,9,22
Algero-Provencal,Alghero C,Alghero C3,8.14327,40.55485,427464.7,4489695.71,16.15501,37.8895,-0.0032,0.01765,0.17159,0.7706,0.85173,0.04313,243.79445,9,22
Algero-Provencal,Asinara A,Asinara A1,8.17916,40.9997,430965.45,4539048.2,16.18522,37.89426,0.00765,0.03963,0.16244,0.73652,0.94061,0.04724,242.58195,9,22
Algero-Provencal,Asinara A,Asinara A2,8.17916,40.9997,430965.45,4539048.2,16.18522,37.89426,0.00765,0.03963,0.16244,0.73652,0.94061,0.04724,242.58195,9,22
Algero-Provencal,Asinara A,Asinara A3,8.17916,40.9997,430965.45,4539048.2,16.18522,37.89426,0.00765,0.03963,0.16244,0.73652,0.94061,0.04724,242.58195,9,22
Algero-Provencal,Asinara B,Asinara B1,8.217,41.04809,434196.1,4544390.81,16.19945,37.89405,0.02281,0.02761,0.16142,0.73348,0.93534,0.0467,242.51582,9,22
Algero-Provencal,Asinara B,Asinara B2,8.217,41.04809,434196.1,4544390.81,16.19945,37.89405,0.02281,0.02761,0.16142,0.73348,0.93534,0.0467,242.51582,9,22
Algero-Provencal,Asinara B,Asinara B3,8.217,41.04809,434196.1,4544390.81,16.19945,37.89405,0.02281,0.02761,0.16142,0.73348,0.93534,0.0467,242.51582,9,22
Algero-Provencal,Bosa,Bosa1,8.42621,40.28395,451224.8,4459431.58,16.18679,37.88288,-0.00355,0.013,0.17532,0.79472,0.78826,0.03942,244.64059,9,22
Algero-Provencal,Bosa,Bosa2,8.42621,40.28395,451224.8,4459431.58,16.18679,37.88288,-0.00355,0.013,0.17532,0.79472,0.78826,0.03942,244.64059,9,22
Algero-Provencal,Bosa,Bosa3,8.42621,40.28395,451224.8,4459431.58,16.18679,37.88288,-0.00355,0.013,0.17532,0.79472,0.78826,0.03942,244.64059,9,22
Algero-Provencal,Capo Testa A,Capo Testa A1,9.13467,41.242,511284.43,4565630.67,16.6062,37.96613,0.01439,0.02487,0.16278,0.71705,0.7669,0.0329,242.99307,3,2
Algero-Provencal,Capo Testa A,Capo Testa A2,9.13467,41.242,511284.43,4565630.67,16.6062,37.96613,0.01439,0.02487,0.16278,0.71705,0.7669,0.0329,242.99307,3,2
Algero-Provencal,Capo Testa A,Capo Testa A3,9.13467,41.242,511284.43,4565630.67,16.6062,37.96613,0.01439,0.02487,0.16278,0.71705,0.7669,0.0329,242.99307,3,2
Algero-Provencal,Capo Testa B,Capo Testa B1,9.16894,41.25213,514153.83,4566760.26,16.48049,37.97621,0.04568,0.00906,0.16363,0.7043,0.78928,0.03407,243.02449,3,2
Algero-Provencal,Capo Testa B,Capo Testa B2,9.16894,41.25213,514153.83,4566760.26,16.48049,37.97621,0.04568,0.00906,0.16363,0.7043,0.78928,0.03407,243.02449,3,2
Algero-Provencal,Capo Testa B,Capo Testa B3,9.16894,41.25213,514153.83,4566760.26,16.48049,37.97621,0.04568,0.00906,0.16363,0.7043,0.78928,0.03407,243.02449,3,2
Algero-Provencal,Castelsardo,Castelsardo 1,8.697,40.9319,474491.01,4531241.55,16.53606,37.93419,0.00728,0.00905,0.15095,0.68098,0.76383,0.03274,243.79843,3,2
Algero-Provencal,Castelsardo,Castelsardo 2,8.697,40.9319,474491.01,4531241.55,16.53606,37.93419,0.00728,0.00905,0.15095,0.68098,0.76383,0.03274,243.79843,3,2
Algero-Provencal,Castelsardo,Castelsardo 3,8.697,40.9319,474491.01,4531241.55,16.53606,37.93419,0.00728,0.00905,0.15095,0.68098,0.76383,0.03274,243.79843,3,2
Algero-Provencal,Catalano A,Catalano A1,8.32684,39.86731,442427.96,4413246.89,16.38689,37.85832,-0.00862,0.00839,0.19226,0.85562,0.7173,0.03522,245.39622,9,22
Algero-Provencal,Catalano A,Catalano A2,8.32684,39.86731,442427.96,4413246.89,16.38689,37.85832,-0.00862,0.00839,0.19226,0.85562,0.7173,0.03522,245.39622,9,22
Algero-Provencal,Catalano A,Catalano A3,8.32684,39.86731,442427.96,4413246.89,16.38689,37.85832,-0.00862,0.00839,0.19226,0.85562,0.7173,0.03522,245.39622,9,22
Algero-Provencal,Catalano B,Catalano B1,8.32436,39.83004,442184.6,4409111.94,16.38256,37.85793,-0.00461,0.01202,0.18827,0.82524,0.72594,0.03575,244.96301,9,22
Algero-Provencal,Catalano B,Catalano B2,8.32436,39.83004,442184.6,4409111.94,16.38256,37.85793,-0.00461,0.01202,0.18827,0.82524,0.72594,0.03575,244.96301,9,22
Algero-Provencal,Catalano B,Catalano B3,8.32436,39.83004,442184.6,4409111.94,16.38256,37.85793,-0.00461,0.01202,0.18827,0.82524,0.72594,0.03575,244.96301,9,22
Algero-Provencal,Costa Paradiso A,Costa Paradiso A1,8.98302,41.12905,498574.75,4553083.14,16.61127,37.94897,0.00095,0.00516,0.15794,0.69928,0.78498,0.03459,243.2222,3,2
Algero-Provencal,Costa Paradiso A,Costa Paradiso A2,8.98302,41.12905,498574.75,4553083.14,16.61127,37.94897,0.00095,0.00516,0.15794,0.69928,0.78498,0.03459,243.2222,3,2
Algero-Provencal,Costa Paradiso A,Costa Paradiso A3,8.98302,41.12905,498574.75,4553083.14,16.61127,37.94897,0.00095,0.00516,0.15794,0.69928,0.78498,0.03459,243.2222,3,2
Algero-Provencal,Costa Paradiso B,Costa Paradiso B1,8.98679,41.13271,498891.17,4553488.81,16.61127,37.94897,0.00095,0.00516,0.15794,0.69928,0.78498,0.03459,243.2222,3,2
Algero-Provencal,Costa Paradiso B,Costa Paradiso B2,8.98679,41.13271,498891.17,4553488.81,16.61127,37.94897,0.00095,0.00516,0.15794,0.69928,0.78498,0.03459,243.2222,3,2
Algero-Provencal,Costa Paradiso B,Costa Paradiso B3,8.98679,41.13271,498891.17,4553488.81,16.61127,37.94897,0.00095,0.00516,0.15794,0.69928,0.78498,0.03459,243.2222,3,2
Algero-Provencal,Stintino,Stintino1,8.17313,40.96495,430421.8,4535195.35,16.18522,37.89426,0.00765,0.03963,0.16244,0.73652,0.94061,0.04724,242.58195,9,22
Algero-Provencal,Stintino,Stintino2,8.17313,40.96495,430421.8,4535195.35,16.18522,37.89426,0.00765,0.03963,0.16244,0.73652,0.94061,0.04724,242.58195,9,22
Algero-Provencal,Stintino,Stintino3,8.17313,40.96495,430421.8,4535195.35,16.18522,37.89426,0.00765,0.03963,0.16244,0.73652,0.94061,0.04724,242.58195,9,22
Ionian,Ciolo,Ciolo1,18.4112,39.8408,1305844.44,4452698.53,17.86502,38.46523,-0.02353,-0.04211,0.13173,0.43758,1.36494,0.01648,238.62828,6,29
Ionian,Ciolo,Ciolo2,18.4112,39.8408,1305844.44,4452698.53,17.86502,38.46523,-0.02353,-0.04211,0.13173,0.43758,1.36494,0.01648,238.62828,6,29
Ionian,Ciolo,Ciolo3,18.4112,39.8408,1305844.44,4452698.53,17.86502,38.46523,-0.02353,-0.04211,0.13173,0.43758,1.36494,0.01648,238.62828,6,29
Ionian,Otranto,Otranto1,18.5266,40.1489,1312044.15,4488032.66,17.64916,38.41759,0.01381,-0.06412,0.13193,0.42483,1.48616,0.01596,240.37221,6,29
Ionian,Otranto,Otranto2,18.5266,40.1489,1312044.15,4488032.66,17.64916,38.41759,0.01381,-0.06412,0.13193,0.42483,1.48616,0.01596,240.37221,6,29
Ionian,Otranto,Otranto3,18.5266,40.1489,1312044.15,4488032.66,17.64916,38.41759,0.01381,-0.06412,0.13193,0.42483,1.48616,0.01596,240.37221,6,29
Ionian,Torre del Serpe,Torre del Serpe1,18.5333,40.1272,1312877.47,4485680.52,17.64916,38.41759,0.01381,-0.06412,0.13193,0.42483,1.48616,0.01596,240.37221,6,29
Ionian,Torre del Serpe,Torre del Serpe2,18.5333,40.1272,1312877.47,4485680.52,17.64916,38.41759,0.01381,-0.06412,0.13193,0.42483,1.48616,0.01596,240.37221,6,29
Ionian,Torre del Serpe,Torre del Serpe3,18.5333,40.1272,1312877.47,4485680.52,17.64916,38.41759,0.01381,-0.06412,0.13193,0.42483,1.48616,0.01596,240.37221,6,29
Ionian,Torre Minervino,Torre Minervino1,18.4968,40.0456,1310738.46,4476266.06,17.80499,38.42799,-0.0037,-0.00626,0.13354,0.43611,1.45495,0.01567,239.00746,6,29
Ionian,Torre Minervino,Torre Minervino2,18.4968,40.0456,1310738.46,4476266.06,17.80499,38.42799,-0.0037,-0.00626,0.13354,0.43611,1.45495,0.01567,239.00746,6,29
Ionian,Torre Minervino,Torre Minervino3,18.4968,40.0456,1310738.46,4476266.06,17.80499,38.42799,-0.0037,-0.00626,0.13354,0.43611,1.45495,0.01567,239.00746,6,29
Ionian,Tricase,Tricase1,18.4171,39.8928,1305735.36,4458537.27,17.88754,38.45585,-0.01783,-0.01914,0.13349,0.444,1.38243,0.01611,238.36603,6,29
Ionian,Tricase,Tricase2,18.4171,39.8928,1305735.36,4458537.27,17.88754,38.45585,-0.01783,-0.01914,0.13349,0.444,1.38243,0.01611,238.36603,6,29
Ionian,Tricase,Tricase3,18.4171,39.8928,1305735.36,4458537.27,17.88754,38.45585,-0.01783,-0.01914,0.13349,0.444,1.38243,0.01611,238.36603,6,29
Ionian,Zinzulusa,Zinzulusa1,18.4253,39.9319,1305974.73,4462961.88,17.95715,38.44774,-0.00427,-0.00911,0.13509,0.45061,1.39456,0.01577,238.25569,6,29
Ionian,Zinzulusa,Zinzulusa2,18.4253,39.9319,1305974.73,4462961.88,17.95715,38.44774,-0.00427,-0.00911,0.13509,0.45061,1.39456,0.01577,238.25569,6,29
Ionian,Zinzulusa,Zinzulusa3,18.4253,39.9319,1305974.73,4462961.88,17.95715,38.44774,-0.00427,-0.00911,0.13509,0.45061,1.39456,0.01577,238.25569,6,29
Tyrrhenian,Altare,Altare1,9.20788,44.28686,516586.08,4903755.56,16.75053,37.97436,-0.07184,0.02625,0.12079,0.44447,0.72539,0.02525,243.28502,3,4
Tyrrhenian,Altare,Altare2,9.20788,44.28686,516586.08,4903755.56,16.75053,37.97436,-0.07184,0.02625,0.12079,0.44447,0.72539,0.02525,243.28502,3,4
Tyrrhenian,Altare,Altare3,9.20788,44.28686,516586.08,4903755.56,16.75053,37.97436,-0.07184,0.02625,0.12079,0.44447,0.72539,0.02525,243.28502,3,4
Tyrrhenian,Argentarola,Argentarola1,11.0561,42.4053,669199.84,4696825.62,16.68842,37.91622,-0.02096,0.04108,0.13585,0.47848,0.69823,0.01927,243.04059,3,4
Tyrrhenian,Argentarola,Argentarola2,11.0561,42.4053,669199.84,4696825.62,16.68842,37.91622,-0.02096,0.04108,0.13585,0.47848,0.69823,0.01927,243.04059,3,4
Tyrrhenian,Argentarola,Argentarola3,11.0561,42.4053,669199.84,4696825.62,16.68842,37.91622,-0.02096,0.04108,0.13585,0.47848,0.69823,0.01927,243.04059,3,4
Tyrrhenian,Baratti,Baratti1,10.46916,43.02858,619694.22,4765035.83,16.67314,37.96592,0.00164,0.02155,0.12942,0.46019,0.62547,0.01509,243.61295,3,4
Tyrrhenian,Baratti,Baratti2,10.46916,43.02858,619694.22,4765035.83,16.67314,37.96592,0.00164,0.02155,0.12942,0.46019,0.62547,0.01509,243.61295,3,4
Tyrrhenian,Baratti,Baratti3,10.46916,43.02858,619694.22,4765035.83,16.67314,37.96592,0.00164,0.02155,0.12942,0.46019,0.62547,0.01509,243.61295,3,4
Tyrrhenian,Boccale,Boccale1,10.2893,43.4211,604368.72,4808386.18,16.64289,37.97041,-0.00588,0.01135,0.13433,0.48258,0.6367,0.016,243.94229,3,4
Tyrrhenian,Boccale,Boccale2,10.2893,43.4211,604368.72,4808386.18,16.64289,37.97041,-0.00588,0.01135,0.13433,0.48258,0.6367,0.016,243.94229,3,4
Tyrrhenian,Boccale,Boccale3,10.2893,43.4211,604368.72,4808386.18,16.64289,37.97041,-0.00588,0.01135,0.13433,0.48258,0.6367,0.016,243.94229,3,4
Tyrrhenian,Cala Corfu,Cala Corfu1,10.3513,42.3086,611370.09,4684924.76,16.28676,37.98381,-0.07961,0.00831,0.12557,0.46867,0.64375,0.02137,244.09822,3,4
Tyrrhenian,Cala Corfu,Cala Corfu2,10.3513,42.3086,611370.09,4684924.76,16.28676,37.98381,-0.07961,0.00831,0.12557,0.46867,0.64375,0.02137,244.09822,3,4
Tyrrhenian,Cala Corfu,Cala Corfu3,10.3513,42.3086,611370.09,4684924.76,16.28676,37.98381,-0.07961,0.00831,0.12557,0.46867,0.64375,0.02137,244.09822,3,4
Tyrrhenian,Cala Mandolina,Cala Mandolina1,10.3188,42.3674,608590.26,4691411.79,16.36402,37.97844,-0.05783,0.016,0.12467,0.46302,0.64132,0.02102,244.01329,3,4
Tyrrhenian,Cala Mandolina,Cala Mandolina2,10.3188,42.3674,608590.26,4691411.79,16.36402,37.97844,-0.05783,0.016,0.12467,0.46302,0.64132,0.02102,244.01329,3,4
Tyrrhenian,Cala Mandolina,Cala Mandolina3,10.3188,42.3674,608590.26,4691411.79,16.36402,37.97844,-0.05783,0.016,0.12467,0.46302,0.64132,0.02102,244.01329,3,4
Tyrrhenian,Cala Martina,Cala Martina1,9.9107,43.4289,573711.44,4808847.94,17.1231,38.00024,-0.00478,0.01825,0.11412,0.41584,0.66073,0.02046,241.76169,3,4
Tyrrhenian,Cala Martina,Cala Martina2,9.9107,43.4289,573711.44,4808847.94,17.1231,38.00024,-0.00478,0.01825,0.11412,0.41584,0.66073,0.02046,241.76169,3,4
Tyrrhenian,Cala Martina,Cala Martina3,9.9107,43.4289,573711.44,4808847.94,17.1231,38.00024,-0.00478,0.01825,0.11412,0.41584,0.66073,0.02046,241.76169,3,4
Tyrrhenian,Calignaia,Calignaia1,10.20852,43.4881,597721.57,4815729.11,16.63154,37.96811,-0.01971,0.01047,0.14242,0.53499,0.65644,0.01761,244.04715,3,4
Tyrrhenian,Calignaia,Calignaia2,10.20852,43.4881,597721.57,4815729.11,16.63154,37.96811,-0.01971,0.01047,0.14242,0.53499,0.65644,0.01761,244.04715,3,4
Tyrrhenian,Calignaia,Calignaia3,10.20852,43.4881,597721.57,4815729.11,16.63154,37.96811,-0.01971,0.01047,0.14242,0.53499,0.65644,0.01761,244.04715,3,4
Tyrrhenian,Catena,Catena1,13.9709,40.7027,920012.52,4517652.74,17.08302,37.80891,-0.01547,0.00446,0.12767,0.42429,0.49891,0.01605,242.44603,3,28
Tyrrhenian,Catena,Catena2,13.9709,40.7027,920012.52,4517652.74,17.08302,37.80891,-0.01547,0.00446,0.12767,0.42429,0.49891,0.01605,242.44603,3,28
Tyrrhenian,Catena,Catena3,13.9709,40.7027,920012.52,4517652.74,17.08302,37.80891,-0.01547,0.00446,0.12767,0.42429,0.49891,0.01605,242.44603,3,28
Tyrrhenian,Cavoli,Cavoli1,9.54118,39.0842,546806.28,4326259.78,17.10245,38.00533,-0.01257,-0.02112,0.11912,0.47866,0.61865,0.02274,241.56038,9,22
Tyrrhenian,Cavoli,Cavoli2,9.54118,39.0842,546806.28,4326259.78,17.10245,38.00533,-0.01257,-0.02112,0.11912,0.47866,0.61865,0.02274,241.56038,9,22
Tyrrhenian,Cavoli,Cavoli3,9.54118,39.0842,546806.28,4326259.78,17.10245,38.00533,-0.01257,-0.02112,0.11912,0.47866,0.61865,0.02274,241.56038,9,22
Tyrrhenian,Civitavecchia A,Civitavecchia A1,11.7488,42.0462,727493.47,4658562.02,16.6302,37.8541,-0.02247,0.02367,0.12734,0.45577,0.84285,0.02273,243.50858,3,4
Tyrrhenian,Civitavecchia A,Civitavecchia A2,11.7488,42.0462,727493.47,4658562.02,16.6302,37.8541,-0.02247,0.02367,0.12734,0.45577,0.84285,0.02273,243.50858,3,4
Tyrrhenian,Civitavecchia A,Civitavecchia A3,11.7488,42.0462,727493.47,4658562.02,16.6302,37.8541,-0.02247,0.02367,0.12734,0.45577,0.84285,0.02273,243.50858,3,4
Tyrrhenian,Civitavecchia B,Civitavecchia B1,11.7664,42.0381,728979.28,4657709.57,16.59897,37.87324,-0.04809,0.05103,0.12382,0.44351,0.81515,0.02253,243.89328,3,4
Tyrrhenian,Civitavecchia B,Civitavecchia B2,11.7664,42.0381,728979.28,4657709.57,16.59897,37.87324,-0.04809,0.05103,0.12382,0.44351,0.81515,0.02253,243.89328,3,4
Tyrrhenian,Civitavecchia B,Civitavecchia B3,11.7664,42.0381,728979.28,4657709.57,16.59897,37.87324,-0.04809,0.05103,0.12382,0.44351,0.81515,0.02253,243.89328,3,4
Tyrrhenian,Grottoni,Grottoni1,11.1022,42.2363,673457.42,4678152.37,16.44748,37.94939,-0.0969,0.04127,0.12223,0.44663,0.65698,0.02024,243.89195,3,4
Tyrrhenian,Grottoni,Grottoni2,11.1022,42.2363,673457.42,4678152.37,16.44748,37.94939,-0.0969,0.04127,0.12223,0.44663,0.65698,0.02024,243.89195,3,4
Tyrrhenian,Grottoni,Grottoni3,11.1022,42.2363,673457.42,4678152.37,16.44748,37.94939,-0.0969,0.04127,0.12223,0.44663,0.65698,0.02024,243.89195,3,4
Tyrrhenian,La Civitata,La Civitata1,9.8683,43.0144,570757.36,4762779.66,17.20702,37.994,0.02884,0.04282,0.11514,0.42619,0.68309,0.02189,240.54121,3,4
Tyrrhenian,La Civitata,La Civitata2,9.8683,43.0144,570757.36,4762779.66,17.20702,37.994,0.02884,0.04282,0.11514,0.42619,0.68309,0.02189,240.54121,3,4
Tyrrhenian,La Civitata,La Civitata3,9.8683,43.0144,570757.36,4762779.66,17.20702,37.994,0.02884,0.04282,0.11514,0.42619,0.68309,0.02189,240.54121,3,4
Tyrrhenian,Le Scole,Le Scole1,10.94673,42.34922,660341.94,4690386.26,16.60785,37.939,-0.03175,0.05356,0.12967,0.46248,0.67842,0.01974,243.40587,3,4
Tyrrhenian,Le Scole,Le Scole2,10.94673,42.34922,660341.94,4690386.26,16.60785,37.939,-0.03175,0.05356,0.12967,0.46248,0.67842,0.01974,243.40587,3,4
Tyrrhenian,Le Scole,Le Scole3,10.94673,42.34922,660341.94,4690386.26,16.60785,37.939,-0.03175,0.05356,0.12967,0.46248,0.67842,0.01974,243.40587,3,4
Tyrrhenian,Lo Scoglietto,Lo Scoglietto1,10.33089,42.846,608749.92,4744572.58,16.81682,37.97919,-0.00083,-0.00175,0.11873,0.43395,0.6454,0.0173,243.21382,3,4
Tyrrhenian,Lo Scoglietto,Lo Scoglietto2,10.33089,42.846,608749.92,4744572.58,16.81682,37.97919,-0.00083,-0.00175,0.11873,0.43395,0.6454,0.0173,243.21382,3,4
Tyrrhenian,Lo Scoglietto,Lo Scoglietto3,10.33089,42.846,608749.92,4744572.58,16.81682,37.97919,-0.00083,-0.00175,0.11873,0.43395,0.6454,0.0173,243.21382,3,4
Tyrrhenian,Lo Scoglione,Lo Scoglione1,9.8326,42.9868,567878.55,4759685.25,17.12257,37.99332,-0.0119,0.07073,0.11714,0.4327,0.68158,0.02201,240.88625,3,4
Tyrrhenian,Lo Scoglione,Lo Scoglione2,9.8326,42.9868,567878.55,4759685.25,17.12257,37.99332,-0.0119,0.07073,0.11714,0.4327,0.68158,0.02201,240.88625,3,4
Tyrrhenian,Lo Scoglione,Lo Scoglione3,9.8326,42.9868,567878.55,4759685.25,17.12257,37.99332,-0.0119,0.07073,0.11714,0.4327,0.68158,0.02201,240.88625,3,4
Tyrrhenian,Meloria A,Meloria A1,10.0957,43.5843,588458.07,4826286.8,16.80302,37.96863,0.00119,0.01352,0.15288,0.59218,0.76931,0.02506,243.66757,3,4
Tyrrhenian,Meloria A,Meloria A2,10.0957,43.5843,588458.07,4826286.8,16.80302,37.96863,0.00119,0.01352,0.15288,0.59218,0.76931,0.02506,243.66757,3,4
Tyrrhenian,Meloria A,Meloria A3,10.0957,43.5843,588458.07,4826286.8,16.80302,37.96863,0.00119,0.01352,0.15288,0.59218,0.76931,0.02506,243.66757,3,4
Tyrrhenian,Meloria B,Meloria B1,10.09308,43.55215,588293.5,4822713.43,16.82075,37.97031,-0.0028,0.0146,0.14025,0.53112,0.69968,0.0211,243.47351,3,4
Tyrrhenian,Meloria B,Meloria B2,10.09308,43.55215,588293.5,4822713.43,16.82075,37.97031,-0.0028,0.0146,0.14025,0.53112,0.69968,0.0211,243.47351,3,4
Tyrrhenian,Meloria B,Meloria B3,10.09308,43.55215,588293.5,4822713.43,16.82075,37.97031,-0.0028,0.0146,0.14025,0.53112,0.69968,0.0211,243.47351,3,4
Tyrrhenian,Occhio di Dio,Occhio di Dio1,9.74305,40.89347,562592.41,4527197.04,16.91627,38.04808,0.01433,-0.02324,0.1396,0.56864,0.71119,0.02533,241.81871,3,2
Tyrrhenian,Occhio di Dio,Occhio di Dio2,9.74305,40.89347,562592.41,4527197.04,16.91627,38.04808,0.01433,-0.02324,0.1396,0.56864,0.71119,0.02533,241.81871,3,2
Tyrrhenian,Occhio di Dio,Occhio di Dio3,9.74305,40.89347,562592.41,4527197.04,16.91627,38.04808,0.01433,-0.02324,0.1396,0.56864,0.71119,0.02533,241.81871,3,2
Tyrrhenian,Parete,Parete1,13.0569,40.9621,841427.38,4542481.1,16.8869,37.8492,-0.00638,0.01156,0.10843,0.39521,0.49124,0.01569,242.98685,3,4
Tyrrhenian,Parete,Parete2,13.0569,40.9621,841427.38,4542481.1,16.8869,37.8492,-0.00638,0.01156,0.10843,0.39521,0.49124,0.01569,242.98685,3,4
Tyrrhenian,Parete,Parete3,13.0569,40.9621,841427.38,4542481.1,16.8869,37.8492,-0.00638,0.01156,0.10843,0.39521,0.49124,0.01569,242.98685,3,4
Tyrrhenian,Pertuso,Pertuso1,14.0064,40.7113,922958.63,4518778.73,17.01733,37.8103,-0.00564,-0.01436,0.14926,0.46504,0.52297,0.01667,242.2361,3,28
Tyrrhenian,Pertuso,Pertuso2,14.0064,40.7113,922958.63,4518778.73,17.01733,37.8103,-0.00564,-0.01436,0.14926,0.46504,0.52297,0.01667,242.2361,3,28
Tyrrhenian,Pertuso,Pertuso3,14.0064,40.7113,922958.63,4518778.73,17.01733,37.8103,-0.00564,-0.01436,0.14926,0.46504,0.52297,0.01667,242.2361,3,28
Tyrrhenian,Pianosa A,Pianosa A1,10.1042,42.575,590619.82,4714211.84,16.51604,37.96637,-0.03877,0.01062,0.12935,0.46154,0.63273,0.01899,243.63628,3,4
Tyrrhenian,Pianosa A,Pianosa A2,10.1042,42.575,590619.82,4714211.84,16.51604,37.96637,-0.03877,0.01062,0.12935,0.46154,0.63273,0.01899,243.63628,3,4
Tyrrhenian,Pianosa A,Pianosa A3,10.1042,42.575,590619.82,4714211.84,16.51604,37.96637,-0.03877,0.01062,0.12935,0.46154,0.63273,0.01899,243.63628,3,4
Tyrrhenian,Pianosa B,Pianosa B1,10.0882,42.62,589242.47,4719191.74,16.6022,37.96883,-0.02555,0.03135,0.12759,0.46008,0.63879,0.01922,243.40231,3,4
Tyrrhenian,Pianosa B,Pianosa B2,10.0882,42.62,589242.47,4719191.74,16.6022,37.96883,-0.02555,0.03135,0.12759,0.46008,0.63879,0.01922,243.40231,3,4
Tyrrhenian,Pianosa B,Pianosa B3,10.0882,42.62,589242.47,4719191.74,16.6022,37.96883,-0.02555,0.03135,0.12759,0.46008,0.63879,0.01922,243.40231,3,4
Tyrrhenian,Picchi Pablo,Picchi Pablo1,10.4639,42.8007,619706.02,4739722.42,16.78104,37.95253,-0.01355,0.01454,0.141,0.48479,0.63632,0.01571,243.16753,3,4
Tyrrhenian,Picchi Pablo,Picchi Pablo2,10.4639,42.8007,619706.02,4739722.42,16.78104,37.95253,-0.01355,0.01454,0.141,0.48479,0.63632,0.01571,243.16753,3,4
Tyrrhenian,Picchi Pablo,Picchi Pablo3,10.4639,42.8007,619706.02,4739722.42,16.78104,37.95253,-0.01355,0.01454,0.141,0.48479,0.63632,0.01571,243.16753,3,4
Tyrrhenian,Punta Falcone,Punta Falcone1,10.4667,42.9207,619702.9,4753052.2,16.63645,37.96263,-0.01224,0.03569,0.13544,0.47989,0.62846,0.01513,243.63301,3,4
Tyrrhenian,Punta Falcone,Punta Falcone2,10.4667,42.9207,619702.9,4753052.2,16.63645,37.96263,-0.01224,0.03569,0.13544,0.47989,0.62846,0.01513,243.63301,3,4
Tyrrhenian,Punta Falcone,Punta Falcone3,10.4667,42.9207,619702.9,4753052.2,16.63645,37.96263,-0.01224,0.03569,0.13544,0.47989,0.62846,0.01513,243.63301,3,4
Tyrrhenian,Punta Guardia,Punta Guardia1,12.9405,40.8578,832151.44,4530450.04,17.00027,37.85485,-0.05766,0.01215,0.10394,0.38513,0.48561,0.01566,242.89189,3,4
Tyrrhenian,Punta Guardia,Punta Guardia2,12.9405,40.8578,832151.44,4530450.04,17.00027,37.85485,-0.05766,0.01215,0.10394,0.38513,0.48561,0.01566,242.89189,3,4
Tyrrhenian,Punta Guardia,Punta Guardia3,12.9405,40.8578,832151.44,4530450.04,17.00027,37.85485,-0.05766,0.01215,0.10394,0.38513,0.48561,0.01566,242.89189,3,4
Tyrrhenian,Punta Lazzaretto,Punta Lazzaretto1,10.94499,42.36961,660146.81,4692647.13,16.60785,37.939,-0.03175,0.05356,0.12967,0.46248,0.67842,0.01974,243.40587,3,4
Tyrrhenian,Punta Lazzaretto,Punta Lazzaretto2,10.94499,42.36961,660146.81,4692647.13,16.60785,37.939,-0.03175,0.05356,0.12967,0.46248,0.67842,0.01974,243.40587,3,4
Tyrrhenian,Punta Lazzaretto,Punta Lazzaretto3,10.94499,42.36961,660146.81,4692647.13,16.60785,37.939,-0.03175,0.05356,0.12967,0.46248,0.67842,0.01974,243.40587,3,4
Tyrrhenian,Punta Mesco,Punta Mesco1,9.63416,44.1192,550741.35,4885307.75,16.72159,37.94361,-0.02756,0.02667,0.12673,0.46938,0.69699,0.02376,242.42247,3,4
Tyrrhenian,Punta Mesco,Punta Mesco2,9.63416,44.1192,550741.35,4885307.75,16.72159,37.94361,-0.02756,0.02667,0.12673,0.46938,0.69699,0.02376,242.42247,3,4
Tyrrhenian,Punta Mesco,Punta Mesco3,9.63416,44.1192,550741.35,4885307.75,16.72159,37.94361,-0.02756,0.02667,0.12673,0.46938,0.69699,0.02376,242.42247,3,4
Tyrrhenian,Punta San Francesco,Punta San Francesco1,11.1204,42.2524,674914.72,4679977.35,16.50727,37.93249,-0.07321,0.03031,0.12727,0.45676,0.6795,0.0197,243.74532,3,4
Tyrrhenian,Punta San Francesco,Punta San Francesco2,11.1204,42.2524,674914.72,4679977.35,16.50727,37.93249,-0.07321,0.03031,0.12727,0.45676,0.6795,0.0197,243.74532,3,4
Tyrrhenian,Punta San Francesco,Punta San Francesco3,11.1204,42.2524,674914.72,4679977.35,16.50727,37.93249,-0.07321,0.03031,0.12727,0.45676,0.6795,0.0197,243.74532,3,4
Tyrrhenian,Punta Secca,Punta Secca1,11.1081,42.26429,673867.34,4681272.44,16.50727,37.93249,-0.07321,0.03031,0.12727,0.45676,0.6795,0.0197,243.74532,3,4
Tyrrhenian,Punta Secca,Punta Secca2,11.1081,42.26429,673867.34,4681272.44,16.50727,37.93249,-0.07321,0.03031,0.12727,0.45676,0.6795,0.0197,243.74532,3,4
Tyrrhenian,Punta Secca,Punta Secca3,11.1081,42.26429,673867.34,4681272.44,16.50727,37.93249,-0.07321,0.03031,0.12727,0.45676,0.6795,0.0197,243.74532,3,4
Tyrrhenian,Sant Agostino A,Sant Agostino A1,11.67099,42.15382,720679.57,4670308.34,16.65921,37.86467,-0.01412,0.0181,0.13125,0.46534,0.82227,0.02195,243.07143,3,4
Tyrrhenian,Sant Agostino A,Sant Agostino A2,11.67099,42.15382,720679.57,4670308.34,16.65921,37.86467,-0.01412,0.0181,0.13125,0.46534,0.82227,0.02195,243.07143,3,4
Tyrrhenian,Sant Agostino A,Sant Agostino A3,11.67099,42.15382,720679.57,4670308.34,16.65921,37.86467,-0.01412,0.0181,0.13125,0.46534,0.82227,0.02195,243.07143,3,4
Tyrrhenian,Sant Agostino B,Sant Agostino B1,11.67207,42.13577,720831.58,4668306.79,16.65921,37.86467,-0.01412,0.0181,0.13125,0.46534,0.82227,0.02195,243.07143,3,4
Tyrrhenian,Sant Agostino B,Sant Agostino B2,11.67207,42.13577,720831.58,4668306.79,16.65921,37.86467,-0.01412,0.0181,0.13125,0.46534,0.82227,0.02195,243.07143,3,4
Tyrrhenian,Sant Agostino B,Sant Agostino B3,11.67207,42.13577,720831.58,4668306.79,16.65921,37.86467,-0.01412,0.0181,0.13125,0.46534,0.82227,0.02195,243.07143,3,4
Tyrrhenian,Santa Caterina A,Santa Caterina A1,9.4944,39.0855,542759.5,4326381,17.10939,38.0102,-0.00012,-0.01273,0.12048,0.48051,0.62462,0.02305,241.94403,9,22
Tyrrhenian,Santa Caterina A,Santa Caterina A2,9.4944,39.0855,542759.5,4326381,17.10939,38.0102,-0.00012,-0.01273,0.12048,0.48051,0.62462,0.02305,241.94403,9,22
Tyrrhenian,Santa Caterina A,Santa Caterina A3,9.4944,39.0855,542759.5,4326381,17.10939,38.0102,-0.00012,-0.01273,0.12048,0.48051,0.62462,0.02305,241.94403,9,22
Tyrrhenian,Santa Marinella A,Santa Marinella A1,11.78352,42.01198,730490.86,4654855.12,16.60775,37.85356,-0.03533,0.03766,0.1268,0.4553,0.85181,0.02306,243.9026,3,4
Tyrrhenian,Santa Marinella A,Santa Marinella A2,11.78352,42.01198,730490.86,4654855.12,16.60775,37.85356,-0.03533,0.03766,0.1268,0.4553,0.85181,0.02306,243.9026,3,4
Tyrrhenian,Santa Marinella A,Santa Marinella A3,11.78352,42.01198,730490.86,4654855.12,16.60775,37.85356,-0.03533,0.03766,0.1268,0.4553,0.85181,0.02306,243.9026,3,4
Tyrrhenian,Santa Marinella B,Santa Marinella B1,11.86598,41.97862,737443.67,4651376.21,16.62717,37.84205,-0.02982,0.0345,0.12945,0.46691,0.91289,0.02425,244.08803,3,4
Tyrrhenian,Santa Marinella B,Santa Marinella B2,11.86598,41.97862,737443.67,4651376.21,16.62717,37.84205,-0.02982,0.0345,0.12945,0.46691,0.91289,0.02425,244.08803,3,4
Tyrrhenian,Santa Marinella B,Santa Marinella B3,11.86598,41.97862,737443.67,4651376.21,16.62717,37.84205,-0.02982,0.0345,0.12945,0.46691,0.91289,0.02425,244.08803,3,4
Tyrrhenian,Scoglio Corallo,Scoglio Corallo1,11.1085,42.3566,673646.3,4691523.55,16.59956,37.90662,-0.04172,0.03039,0.13711,0.48571,0.7042,0.01882,243.55319,3,4
Tyrrhenian,Scoglio Corallo,Scoglio Corallo2,11.1085,42.3566,673646.3,4691523.55,16.59956,37.90662,-0.04172,0.03039,0.13711,0.48571,0.7042,0.01882,243.55319,3,4
Tyrrhenian,Scoglio Corallo,Scoglio Corallo3,11.1085,42.3566,673646.3,4691523.55,16.59956,37.90662,-0.04172,0.03039,0.13711,0.48571,0.7042,0.01882,243.55319,3,4
Tyrrhenian,Secca del Papa A,Secca del Papa A1,9.75219,40.93247,563325.11,4531532.98,16.85099,38.0469,0.02733,-0.03118,0.14176,0.57713,0.71608,0.02565,242.05359,3,2
Tyrrhenian,Secca del Papa A,Secca del Papa A2,9.75219,40.93247,563325.11,4531532.98,16.85099,38.0469,0.02733,-0.03118,0.14176,0.57713,0.71608,0.02565,242.05359,3,2
Tyrrhenian,Secca del Papa A,Secca del Papa A3,9.75219,40.93247,563325.11,4531532.98,16.85099,38.0469,0.02733,-0.03118,0.14176,0.57713,0.71608,0.02565,242.05359,3,2
Tyrrhenian,Secca del Papa B,Secca del Papa B1,9.7505,40.9072,563206.9,4528726.55,16.91627,38.04808,0.01433,-0.02324,0.1396,0.56864,0.71119,0.02533,241.81871,3,2
Tyrrhenian,Secca del Papa B,Secca del Papa B2,9.7505,40.9072,563206.9,4528726.55,16.91627,38.04808,0.01433,-0.02324,0.1396,0.56864,0.71119,0.02533,241.81871,3,2
Tyrrhenian,Secca del Papa B,Secca del Papa B3,9.7505,40.9072,563206.9,4528726.55,16.91627,38.04808,0.01433,-0.02324,0.1396,0.56864,0.71119,0.02533,241.81871,3,2
Tyrrhenian,Secca Gonzatti,Secca Gonzatti1,9.15609,44.28458,512454.41,4903493.15,16.73358,37.97738,-0.08825,0.0214,0.12157,0.4478,0.72755,0.0255,243.31731,3,4
Tyrrhenian,Secca Gonzatti,Secca Gonzatti2,9.15609,44.28458,512454.41,4903493.15,16.73358,37.97738,-0.08825,0.0214,0.12157,0.4478,0.72755,0.0255,243.31731,3,4
Tyrrhenian,Secca Gonzatti,Secca Gonzatti3,9.15609,44.28458,512454.41,4903493.15,16.73358,37.97738,-0.08825,0.0214,0.12157,0.4478,0.72755,0.0255,243.31731,3,4
Tyrrhenian,Secca Mariuolo,Secca Mariuolo1,13.0221,40.9618,838499.47,4542312.17,16.8869,37.8492,-0.00638,0.01156,0.10843,0.39521,0.49124,0.01569,242.98685,3,4
Tyrrhenian,Secca Mariuolo,Secca Mariuolo2,13.0221,40.9618,838499.47,4542312.17,16.8869,37.8492,-0.00638,0.01156,0.10843,0.39521,0.49124,0.01569,242.98685,3,4
Tyrrhenian,Secca Mariuolo,Secca Mariuolo3,13.0221,40.9618,838499.47,4542312.17,16.8869,37.8492,-0.00638,0.01156,0.10843,0.39521,0.49124,0.01569,242.98685,3,4
Tyrrhenian,Secca Paretella,Secca Paretella1,9.907,43.4205,573422.12,4807911.79,17.1231,38.00024,-0.00478,0.01825,0.11412,0.41584,0.66073,0.02046,241.76169,3,4
Tyrrhenian,Secca Paretella,Secca Paretella2,9.907,43.4205,573422.12,4807911.79,17.1231,38.00024,-0.00478,0.01825,0.11412,0.41584,0.66073,0.02046,241.76169,3,4
Tyrrhenian,Secca Paretella,Secca Paretella3,9.907,43.4205,573422.12,4807911.79,17.1231,38.00024,-0.00478,0.01825,0.11412,0.41584,0.66073,0.02046,241.76169,3,4
Tyrrhenian,Torre Stelle,Torre Stelle1,9.382,39.0741,533043.57,4325069.03,17.10668,38,0.01187,-0.00703,0.12357,0.49941,0.6085,0.02228,242.83478,9,22
Tyrrhenian,Torre Stelle,Torre Stelle2,9.382,39.0741,533043.57,4325069.03,17.10668,38,0.01187,-0.00703,0.12357,0.49941,0.6085,0.02228,242.83478,9,22
Tyrrhenian,Torre Stelle,Torre Stelle3,9.382,39.0741,533043.57,4325069.03,17.10668,38,0.01187,-0.00703,0.12357,0.49941,0.6085,0.02228,242.83478,9,22
Tyrrhenian,Vada A,Vada A1,10.3405,43.3451,608649.06,4800011.2,16.70708,37.97494,0.00159,0.00663,0.12815,0.45158,0.62548,0.01529,243.75645,3,4
Tyrrhenian,Vada A,Vada A2,10.3405,43.3451,608649.06,4800011.2,16.70708,37.97494,0.00159,0.00663,0.12815,0.45158,0.62548,0.01529,243.75645,3,4
Tyrrhenian,Vada A,Vada A3,10.3405,43.3451,608649.06,4800011.2,16.70708,37.97494,0.00159,0.00663,0.12815,0.45158,0.62548,0.01529,243.75645,3,4
Tyrrhenian,Vada B,Vada B1,10.34061,43.36399,608624.27,4802109.21,16.70708,37.97494,0.00159,0.00663,0.12815,0.45158,0.62548,0.01529,243.75645,3,4
Tyrrhenian,Vada B,Vada B2,10.34061,43.36399,608624.27,4802109.21,16.70708,37.97494,0.00159,0.00663,0.12815,0.45158,0.62548,0.01529,243.75645,3,4
Tyrrhenian,Vada B,Vada B3,10.34061,43.36399,608624.27,4802109.21,16.70708,37.97494,0.00159,0.00663,0.12815,0.45158,0.62548,0.01529,243.75645,3,4
